"","x","y","z"
"1",0.377877157384716,-0.569973608228161,0.729615611024201
"2",0.762832238987274,0.0509377282751057,0.644586939830333
"3",-0.0894745130258796,-0.695372268814289,0.713058005552739
"4",-0.366424112758173,-0.259769995769083,0.89345000917092
"5",-0.609069618262683,-0.78747726407374,0.0944127039983867
"6",-0.863440891210928,-0.475399945149614,0.168714906089008
"7",-0.849074397232178,-0.285453574666175,0.444509757682681
"8",-0.858114041329101,-0.445391512299593,0.255473467987031
"9",0.216536521418316,-0.85989703739603,0.462265097070485
"10",-0.982921084029271,-0.088709017049169,0.161235395818949
"11",-0.707540265884772,-0.601953709722079,0.370187119580805
"12",-0.977247276906879,-0.206933557768645,-0.0465431245975197
"13",0.756783553821272,0.0379605268076569,0.652562373317778
"14",-0.459070636934885,-0.335319775047568,0.82268754625693
"15",0.512486816015655,-0.796540833402494,-0.320749067235738
"16",-0.382351867198896,-0.788945689155426,0.481011173687875
"17",-0.924872030842534,-0.166927397869145,0.341682557947934
"18",0.305348530735461,-0.952232667317429,-0.00390154728665953
"19",0.506374769697395,-0.812242370502362,-0.289563333615661
"20",0.663648706331987,-0.379517148776033,0.64462169399485
"21",0.384550452964064,-0.901682868636771,-0.197709265165031
"22",0.535058810685055,-0.67806453729462,-0.503925145603716
"23",-0.178099546529367,-0.848266131056848,0.498723492957652
"24",-0.991591501754275,-0.0916233893310781,-0.0913862581364809
"25",-0.341383423666479,-0.61299234616428,0.712529116310179
"26",-0.818337155410274,-0.506941871245393,0.270802952814847
"27",0.1035479574441,-0.980163438856158,0.168989507481456
"28",0.139129474431321,-0.859405301427753,0.492001541890204
"29",0.315352635655422,-0.865649644653902,-0.388848823960871
"30",0.44813439130581,-0.882502392547547,0.142706322483718
"31",0.406320038535517,-0.760700493942762,-0.50620034057647
"32",0.123011495529198,-0.965982196201569,0.227478721179068
"33",0.390471166956104,-0.877039454152045,0.279882231727242
"34",-0.793073015105815,-0.229027344175331,0.564430392812937
"35",0.846607432903322,-0.509656598474229,0.153316685929895
"36",0.528830928918547,-0.844684053862832,-0.0827447748742998
"37",-0.401255006661808,-0.362126101461154,0.841343631502241
"38",-0.690826959043907,-0.0207201805040753,0.722723174374551
"39",0.677082617634299,-0.712962720378325,-0.182327420450747
"40",-0.316569199499779,-0.16922519623054,0.933352438732982
"41",0.615049508414369,-0.141105505125231,0.775759845972061
"42",-0.825636378261316,-0.543765033184478,0.150479764677584
"43",0.25848613310312,-0.920307183109995,-0.29363175528124
"44",-0.546315535730738,-0.697212419437194,0.464148874394596
"45",0.490941615296572,-0.54121172742783,0.682690410409123
"46",-0.0656056494963508,-0.996346271261476,0.0546809518709778
"47",0.290971918844652,-0.954174391868875,-0.0699040223844349
"48",-0.826619943828567,-0.459609297211111,0.324744149111211
"49",0.23808903111159,-0.954980789811954,0.1769895600155
"50",-0.18415857627325,-0.622918874871377,0.760301054921001
"51",0.292435469910138,-0.949976962909498,-0.109659773297608
"52",-0.351457527499951,-0.334455974036916,0.874423700384796
"53",0.395396848924255,-0.421394910562677,0.816141936928034
"54",0.619877014415012,-0.32598082019506,0.713784975931048
"55",0.329801187492902,-0.932265282511193,-0.148703126236796
"56",0.294064933199415,-0.937622229432701,-0.18544640718028
"57",0.805526622718341,0.0745933097026116,0.587845811620355
"58",-0.697173360442267,-0.657018017585646,0.286839031614363
"59",0.328789549882665,-0.944367235544736,-0.00824356218799943
"60",-0.733419017586701,-0.346827952302687,0.584642554167658
"61",0.204038626235871,-0.974715008582312,-0.091098249424249
"62",-0.973914323924234,-0.226666223435658,-0.0106448489241301
"63",0.607594812952041,-0.794135265382087,-0.0133312996476889
"64",0.719521001059383,-0.24009080107666,0.651648629456758
"65",0.51903529200538,-0.600927675567758,0.607855488080531
"66",0.347184995429666,-0.904561586775646,-0.247448812238872
"67",-0.296811010442534,-0.85232204415404,0.430639474652708
"68",0.227407754115423,-0.903076976627086,-0.364331837277859
"69",0.0727608674884577,-0.995341772925882,0.0632503852248191
"70",0.856599188889812,0.0449427003876604,0.514021384064108
"71",-0.649517784566241,-0.68660093259828,0.326658547855914
"72",0.623557139844974,0.10217904191302,0.775071568787098
"73",0.199920364724717,-0.950313119116541,-0.238614382222295
"74",0.0996528070495521,-0.983855821520599,0.148650733288378
"75",0.745041597548633,-0.525018879843986,0.411422159988433
"76",0.0846302343231226,-0.94354192495144,-0.320259830914438
"77",0.591616588142506,-0.381327575504718,0.710337309166789
"78",0.708240206264874,-0.283540997506612,0.646529437042773
"79",0.636429987264981,-0.769151909591975,-0.0579845779575409
"80",0.615312582099447,-0.520479137479586,0.592023558449
"81",0.133887733362083,-0.985037995043891,-0.108509092591703
"82",0.599220726699798,-0.800299626142796,-0.0213314108550548
"83",-0.536908602634668,-0.796806396472895,0.277179939672351
"84",-0.884587432326344,-0.329972998018166,0.329579876735807
"85",0.61835175361721,-0.734317818337307,0.280032945331186
"86",-0.476001591255184,-0.572925668448149,0.667217103764415
"87",-0.535607879142087,-0.765970470656009,0.355546674691141
"88",0.359614195300708,-0.8918226885904,-0.274462971370667
"89",-0.587670427678473,-0.0428872828135829,0.807962962891906
"90",-0.224151404048266,-0.260826692276925,0.939002441242337
"91",-0.228896804831729,-0.896035224790116,0.380430188961327
"92",0.460547766573991,-0.737253880084664,-0.494320211000741
"93",0.307306793503455,-0.840827173382943,-0.445614406373352
"94",0.376171292807552,-0.464018939401326,0.801986023783684
"95",0.401049682347157,-0.894067752810097,-0.199504400137812
"96",0.1079402092497,-0.859247065996018,0.500043388921767
"97",-0.71488535626662,-0.600523599711878,0.358204318210483
"98",0.601792621077201,-0.788347407374425,-0.127882784232497
"99",0.142997860960489,-0.962378530814983,-0.231039336882532
"100",-0.843702251374014,-0.378898084204137,0.380266686435789
"101",-0.198133982476349,-0.909983079280946,0.364244039636105
"102",0.394020635744987,-0.878090232522566,-0.27148716757074
"103",0.281067252934246,-0.948386520752767,0.146847562398761
"104",0.585661838986196,-0.503140778375635,0.635491595137864
"105",-0.711387581918953,-0.508002800356291,0.485655086580664
"106",0.0331926265882008,-0.94454739413549,-0.326693234965205
"107",-0.429105323475182,-0.378901391293405,0.819940459448844
"108",0.367679820675033,-0.714536517750768,0.595188301522285
"109",0.216121599942546,-0.759798477387321,-0.613186535891145
"110",0.0618244301735745,-0.973790904685317,-0.218881277833134
"111",0.754966950272176,-0.518082474336831,0.402014245744795
"112",0.443201416423027,-0.534768922736327,0.719440549146384
"113",0.647865469928516,-0.0745228348309518,0.758100705686957
"114",0.125639637126532,-0.900051449616266,-0.417279366403818
"115",0.474256485730859,-0.426388943817682,0.770242334809154
"116",0.53482605102367,-0.262117102459104,0.803278108593076
"117",0.377846130951195,-0.379624126675825,0.844463038723916
"118",0.570084519471897,-0.7386615746461,-0.359698093961924
"119",-0.297140902089287,-0.79321033198461,0.531530482228845
"120",-0.977351887560743,-0.182652902975686,0.106870037503541
"121",-0.375087609049978,-0.52555973481998,0.763607393018901
"122",0.701198544019969,-0.648191101243934,0.296932480763644
"123",0.468206671121849,-0.680022473852362,-0.564226858783513
"124",-0.0867730104497822,-0.83750439152209,0.539496838580817
"125",-0.551346034977595,-0.0239618515536738,0.833932478912175
"126",0.596856438259969,-0.626314398156701,-0.501490445341915
"127",0.380761059361632,-0.355862533361732,0.853453497868031
"128",-0.891823642148999,-0.451377822294368,0.0301438691094518
"129",0.653890052494551,-0.709293195539486,0.263307732529938
"130",-0.600289152315693,-0.307828739617345,0.738169628661126
"131",-0.379459029366071,-0.0180396319514262,0.925032657105476
"132",-0.487739306400272,-0.728821535654547,0.480551285669208
"133",0.856753037709321,-0.394877525027575,0.331731778103858
"134",0.022382542052762,-0.987952524654829,0.153130110818893
"135",0.395572462244836,-0.90489921356628,-0.15709818713367
"136",-0.295993320311055,-0.347337109162022,0.889800475910306
"137",-0.653905327227044,-0.0449829691393671,0.755237946286798
"138",-0.528695717104567,-0.470959627663178,0.706171273719519
"139",0.745048769940563,0.16176847018113,0.647096045780927
"140",-0.977124117675601,-0.198016562332298,0.0775751229375601
"141",0.215924752676012,-0.425973308158134,0.878591624088585
"142",-0.78534229286285,-0.38290249546539,0.486439268570393
"143",0.191655974710136,-0.979401167517147,-0.0635715378448367
"144",0.731162176531892,-0.587262923759441,0.347165853716433
"145",-0.236095088013133,-0.594052611285156,0.768999742809683
"146",0.34406767497721,-0.412822952581139,0.843323570676148
"147",0.538851147078889,-0.789479524752731,-0.293873308226466
"148",-0.355066596362707,-0.31653252432978,0.879622005857527
"149",-0.950692979591637,-0.0968369381368466,0.294627673458308
"150",0.362832786364933,-0.924903301222791,0.113605688791722
"151",-0.926971036242555,-0.161121413495547,-0.338769225403666
"152",0.486890769975344,-0.678794832584571,-0.549704423639923
"153",-0.974969899363057,-0.0279101773919793,0.220578143373132
"154",0.732150382718436,-0.624633954696096,0.271639908198267
"155",0.365142908239031,-0.513308128308186,0.776650128420442
"156",0.18891229560277,-0.697076168875739,0.691662460565567
"157",0.255441356902272,-0.958370059437782,-0.127579553052783
"158",-0.674763004109544,-0.730983465595331,0.101774561218917
"159",0.412013365843498,-0.600613720339225,0.685206644237041
"160",0.902026161113857,-0.360015834739238,0.238196144811809
"161",-0.525658879851373,-0.808741568992642,0.263855673838407
"162",-0.531827231002444,-0.637041009180363,0.557977193966508
"163",0.857666204987718,-0.506261981996976,-0.0900415815412998
"164",0.44028972767931,-0.559751738416923,0.702013494912535
"165",-0.869711305699823,-0.481666187609891,0.107702963985503
"166",0.815165381855533,-0.0214054950442407,0.578832622617483
"167",0.146986840838322,-0.988512094212215,-0.0351952868513764
"168",-0.280514344381881,-0.706543704917933,0.649698157329112
"169",0.767502228772296,-0.586636635416567,0.258452678099275
"170",0.588199771556784,-0.281244269784256,0.758236565627158
"171",0.617800075987536,-0.568490400585458,0.543269482441247
"172",0.746240291619897,-0.171721799083512,0.643146212678403
"173",-0.114088487963128,-0.708986892175279,0.69593203952536
"174",-0.267526473371441,0.000963759716428488,0.963550028391182
"175",0.293442829998365,-0.615340877394974,0.731605706736445
"176",0.365510028082643,-0.910470287495442,-0.193510400131345
"177",0.052582500855347,-0.986383102968372,0.155831494834274
"178",0.248145047169177,-0.873094609241264,-0.419678256381303
"179",0.38957442046335,-0.856691650803541,-0.33809937350452
"180",0.792824108319373,-0.00159756938161764,0.609448423609138
"181",-0.580210711149962,-0.596134870362647,0.554958329070359
"182",0.584253027280777,-0.680583735319945,0.442102001048625
"183",0.422403881165557,-0.334805733505375,0.842306406237185
"184",-0.890681930141144,-0.442793493291234,-0.103051548358053
"185",-0.896097237318043,-0.443562066366112,0.0161998318508268
"186",0.670213518067801,-0.463891315364881,-0.579326063394547
"187",-0.672442790275567,-0.736674959932013,0.0716288853436708
"188",0.229443479652185,-0.973093701679025,0.0210793120786548
"189",-0.688180466795683,-0.334519409328777,0.643820168916136
"190",0.650454383422026,-0.747477628426575,-0.13485655374825
"191",-0.980743292975263,-0.168589064020847,0.0985916871577501
"192",0.414738699164859,-0.821035752043455,-0.392290842719376
"193",-0.881862119386161,-0.358075438776223,0.306759160477668
"194",0.767213128028253,-0.279641828200719,0.57722133025527
"195",-0.870141128677969,-0.374391234787268,0.320445969700813
"196",0.39935451672685,-0.217105226592695,0.89071953529492
"197",0.663685126368696,0.0708827030183155,0.744646020233631
"198",-0.627094227855166,-0.628128366632088,0.460659944452345
"199",-0.935256190326295,-0.342144458077391,-0.0907360361889004
"200",-0.91244096782293,-0.405721218883656,-0.0533082806505264
"201",0.813929400225517,-0.543545796395555,0.20512654306367
"202",-0.616948257503743,-0.780022354384316,0.104594331700355
"203",-0.01231988481559,-0.649981171094618,0.759850444272161
"204",0.700563286476302,-0.351064310158341,0.621260759886354
"205",0.0243001237837035,-0.739022044592428,0.673242839984596
"206",-0.906309116599317,-0.330053908618676,-0.263947348110378
"207",0.307828274822865,-0.874376927190667,-0.375108974054456
"208",0.735698022535023,-0.233583968977764,0.635756989009678
"209",-0.632461712224306,-0.50854673496833,0.584270828403533
"210",-0.917751639453269,-0.365403324183675,-0.155603145714849
"211",-0.332125711469085,-0.495038025610744,0.802888451144099
"212",0.741499715308582,-0.590620804155264,0.318347668275237
"213",0.348445151040466,-0.455988812623886,0.818938446696848
"214",-0.772846306336992,-0.110098923627465,0.624969450291246
"215",-0.257216923839318,-0.846371489719266,0.466363329906017
"216",0.30987420629088,-0.898745157492815,-0.310217855963856
"217",-0.63926252216417,-0.703512383265728,0.310505643021315
"218",0.805654776474531,-0.37670902799711,0.457176868803799
"219",0.367094789836481,-0.639933985552626,0.675074743572623
"220",-0.988451820319695,-0.150540314294154,0.017338185571134
"221",0.700293535794488,0.313087315160258,0.641533550806344
"222",-0.627505100872717,-0.711873941042947,0.315393152181059
"223",-0.710901224782532,-0.256468010884874,0.65486151818186
"224",-0.786366573290651,-0.521290986341202,0.331486530601978
"225",-0.89057821903643,-0.44323382916554,0.102050029207021
"226",-0.577374900379205,-0.503386487129892,0.642837669234723
"227",0.582004193680218,-0.807274062027192,0.0978759792633355
"228",-0.129185840888196,-0.706679537927923,0.695640028454363
"229",0.464849248693061,-0.855708470415612,0.227328374050558
"230",-0.853045695326796,-0.140640837301553,0.502526811789721
"231",-0.438698096869322,-0.512775794449546,0.737973552662879
"232",0.484781771781852,-0.484887880536267,0.727921958081424
"233",0.454168327326463,-0.821967059077622,-0.343658674042672
"234",-0.0901285194062536,-0.694192705934127,0.714124174788594
"235",0.402245010782887,-0.529703041177149,0.746735320892185
"236",0.134511414883453,-0.98527142053574,-0.105578914284706
"237",-0.0591745776386219,-0.820428745329366,0.568678330164403
"238",0.670734226675317,-0.737397510149988,0.0797528005205095
"239",-0.0218556141729181,-0.773222256815281,0.633758371695876
"240",0.42704939393806,-0.52088788324775,0.739124230574816
"241",0.62933904281609,-0.647341534005826,0.429978264030069
"242",0.451373912746574,-0.891773873463242,0.0316377859562636
"243",-0.6683447732304,-0.649570761356379,0.362454259302467
"244",0.816907557807128,0.100984051521051,0.567859369330108
"245",0.551866436510403,-0.814807897223083,-0.177571188192815
"246",0.664065279753856,0.0374506799069055,0.746736065018922
"247",0.394982538686182,-0.911934054908022,-0.111198352649808
"248",-0.917818299924459,-0.395308872824091,0.0366123393177987
"249",0.427450194121856,-0.864602846086963,-0.264098939951509
"250",-0.774810495192312,-0.482098913174227,0.408961287233978
"251",0.42106850110105,-0.896096825559544,-0.140398705843836
"252",-0.983796859891762,0.177490779720111,0.0253132688812911
"253",-0.7371094015289,-0.607749796562761,0.295482512097806
"254",-0.304506234449526,-0.924609535557965,0.228851829655468
"255",0.356553715200657,-0.807304772610876,-0.470242971554398
"256",-0.529456051695623,-0.825654207655318,0.194862563628703
"257",0.555960623462098,-0.629653315114562,-0.542627393268049
"258",0.542385328362617,-0.836807921475544,-0.0746368416585028
"259",0.422398217734571,-0.905128280876352,-0.0481927464716136
"260",-0.926366306874141,-0.353790643204726,0.129141961690038
"261",-0.777088919881981,0.143837560661588,0.612734499387443
"262",-0.432989348005496,-0.566853514933258,0.700854704715312
"263",-0.797522315941818,-0.505521185106298,0.329251403920353
"264",0.429921374454023,-0.90244856706504,-0.0274626216851174
"265",0.775432236679921,-0.296990565780257,0.557226569857448
"266",0.0519021617329943,-0.725979558286667,-0.685754946433008
"267",0.776930021955676,-0.578210882814652,0.249102219939232
"268",-0.0527318827108777,-0.760656355933009,-0.647009471897036
"269",-0.857848927569989,-0.459095190976078,0.230926012154668
"270",0.311638638126444,-0.895087991188023,0.318902567028999
"271",0.904688035107608,-0.383974088808389,0.184671216644347
"272",0.475847853505265,-0.483191283485189,0.734911561943591
"273",-0.69078926544165,-0.673169224771472,0.26391927851364
"274",-0.476065084392216,-0.543584066160613,0.69128749333322
"275",-0.0223885922113269,-0.9244611860584,0.380618268623948
"276",0.607245428753333,-0.27517902621677,0.745338508859277
"277",-0.3520768939917,-0.911456173091944,0.212813310790807
"278",0.727188356987107,-0.613255877382646,0.308406099677086
"279",-0.817270350002437,-0.391819885328341,0.422547455877066
"280",-0.761703225830214,-0.31092684022656,0.568447619210929
"281",0.261844923264331,-0.962931853869942,0.0648034024052321
"282",0.528690229800134,-0.544688546167484,0.651000021956861
"283",0.371047757180644,-0.877111964709894,-0.304956002160907
"284",0.301697534475432,-0.943143833519289,-0.139493035618216
"285",0.586309795176064,-0.742916389992796,-0.322979970835149
"286",-0.411261909574057,-0.402537802907054,0.817818414419889
"287",0.875364031163421,-0.471962630189293,-0.104828854091465
"288",0.454618073943055,-0.807384558860921,-0.376101822592318
"289",0.181343311870073,-0.98291303487241,0.0315684829838575
"290",-0.231684750707464,-0.431726070873759,0.871742379385978
"291",-0.675384375815837,-0.291165906364605,0.67755321552977
"292",-0.814298312960196,-0.536494599612585,0.221566698979586
"293",-0.394846297812285,-0.726600688543741,0.562270255759358
"294",-0.411239816882028,-0.714451975977966,0.566074365284294
"295",0.414267286837489,-0.480946567795029,0.772704998031259
"296",-0.741970341592618,-0.615567458425842,0.265625142492354
"297",0.569408566187331,-0.560167995720539,0.601652475539595
"298",-0.885557763983885,-0.177711654925069,0.429192281328142
"299",0.52671768803816,-0.824610675466742,-0.206363056320697
"300",0.54642100809783,-0.192651255232957,0.815051885321736
"301",0.64540005794985,-0.678020138961608,-0.351777566596866
"302",-0.687304559704683,-0.379730939200307,0.619206634350121
"303",0.271772350227987,-0.889296005141277,-0.367821158841252
"304",0.420228496196179,-0.725300718771056,0.545295221265405
"305",0.625836771732868,-0.678421437526745,0.384802141692489
"306",0.665131222645553,-0.544021526962537,-0.511508587282151
"307",-0.991153416949147,0.0839069596378816,0.102832515258342
"308",-0.87062796186885,-0.414015298682945,0.265703376848251
"309",0.605160075394338,-0.78812167288634,-0.112452264875173
"310",0.497026382905443,-0.858216789710371,-0.12817455502227
"311",0.230551579441351,-0.917806316013182,-0.323229849338531
"312",0.169862697393163,-0.774199773292342,0.60972237540409
"313",-0.911612980275748,-0.401575861682878,0.0877416748553515
"314",0.329922703491747,-0.914317109249586,-0.234894089866429
"315",-0.309776502585288,-0.453407545337532,0.83573926333338
"316",0.12109444837508,-0.989477524654848,0.0791856222786009
"317",-0.0886420572073594,-0.780204937355674,0.619211467448622
"318",-0.676193000460964,-0.41141241846485,0.611148793715984
"319",0.508773778065117,-0.860880917754198,0.00576959270983932
"320",-0.632187900199771,-0.636468781232074,0.441866438370198
"321",-0.46814669362094,-0.275712104792494,0.839536484330893
"322",-0.659363334297069,-0.645591853116075,0.385293592698872
"323",0.447147092852474,-0.462107768515003,0.765843252651393
"324",-0.293287663047223,-0.545153995279937,0.785359451547265
"325",0.290871619813586,-0.863314344075907,-0.41241004364565
"326",0.695764066977634,0.0283893686193361,0.717709138058126
"327",0.715031578552053,-0.330095695849585,0.616252118255943
"328",0.720552020460131,-0.0524868943868403,0.691411535721272
"329",-0.930442886814046,-0.362179994324229,0.0556927830912173
"330",-0.48082594281613,-0.383415987610217,0.78854206809774
"331",-0.461199883284968,-0.406904620752002,0.78849432291463
"332",0.74707287758567,-0.596512671905003,0.29335089540109
"333",0.311403971099607,-0.947609017369857,0.0711668250150979
"334",0.349228921679746,-0.545397598944235,0.761958410497755
"335",0.878469878589659,-0.0958275028166121,0.468089480884373
"336",0.417652663984547,-0.764209701500474,-0.491477145347744
"337",0.339894671443757,-0.751734916640753,0.565124966204166
"338",0.655116004183038,-0.392730881441312,0.645434331148863
"339",0.601800866656165,-0.374140185783368,0.705588292330503
"340",0.605609756484294,-0.598580708592596,-0.524345266167074
"341",0.581649932912742,-0.759488594602579,-0.291308136191219
"342",0.614902226654451,-0.729541132991016,-0.29944112431258
"343",-0.769985031477116,-0.568652742301192,0.289408206474036
"344",-0.200231631828367,-0.862822308649802,0.464160486590117
"345",0.650446937114123,-0.655756755369682,-0.383277784101665
"346",0.0811313383897218,-0.995333428127479,0.0522405281662941
"347",0.591653130400938,-0.785602733212909,0.181038445793092
"348",0.719820536188228,-0.66708270514557,0.191987135447562
"349",0.0256881140790592,-0.551741210587142,0.833619671873748
"350",-0.954547609886845,-0.264842547052192,-0.136738018598408
"351",0.863723625017552,-0.503197475935254,0.0278172572143376
"352",0.479095719109838,-0.634834038270395,0.606179045978934
"353",0.596086879552066,-0.565070900915449,-0.570416785310954
"354",0.655382713724725,-0.517729476356123,0.54993607616052
"355",-0.00380826469006761,-0.71572230934321,0.698374593630433
"356",0.669611437337558,-0.739274310810052,-0.0713723781518638
"357",-0.956210560335076,0.0632670896170417,0.285759758669883
"358",0.104591634198099,-0.918471405050396,0.38140643434599
"359",-0.413600090823157,-0.146300614352839,0.898627339396626
"360",-0.916354185235925,-0.381053495640438,0.122854550834745
"361",0.1440534603092,-0.748834776491859,0.646911955438554
"362",-0.837119894222612,-0.492310541855554,-0.238454635255039
"363",-0.919475863336009,-0.267817813773181,0.287815488409251
"364",0.365575386191966,-0.902831521777952,0.226384364068508
"365",0.80300966223673,-0.365434508181608,0.470779250375926
"366",-0.535058540127809,-0.706367658361123,0.46341891400516
"367",-0.809772789259563,-0.469999514574451,-0.35123850312084
"368",0.841153803404653,0.256872530620959,0.475895768031478
"369",-0.960653025163467,-0.027701526221657,0.276366406586021
"370",-0.971735377238607,-0.146118999233457,0.185417352709919
"371",-0.982962101607295,-0.169365930813405,0.0714191030710936
"372",0.923223570615907,-0.0442488734394898,0.381707055028528
"373",-0.823748883031786,-0.566710979639007,-0.0166265829466282
"374",-0.744100717900617,-0.65646830748507,-0.12394951749593
"375",-0.651147622328219,-0.547483122614282,0.525612979661673
"376",-0.823104040419172,-0.567866712838155,-0.00520913582295183
"377",-0.996445843837133,0.0375732033087837,-0.0753918741829694
"378",0.438087323613972,-0.725795032111654,0.530378231313079
"379",0.0167611770701441,-0.712361619632395,0.70161241851747
"380",0.455267417038586,-0.868122143015028,-0.197725880425423
"381",-0.2830632920282,-0.888332097632417,0.361581604927778
"382",-0.588829894301463,-0.57635153796796,0.566655327565968
"383",-0.872850778300517,-0.358509260588925,0.331062877550721
"384",0.806441605175402,-0.317955351969843,0.49855424137786
"385",-0.864027036657585,-0.501287838947723,0.0465594506822527
"386",0.566568368153818,-0.0321707976631704,0.823386497329921
"387",-0.151007480144015,-0.751835469036138,0.641825652681291
"388",-0.457085852551711,-0.72163196587683,0.519922906998545
"389",0.292033254643294,-0.945598757683139,0.143386078998446
"390",-0.396458160050938,0.120888998815677,0.910058666951954
"391",-0.984895228777764,-0.0995830752652369,-0.141649565659463
"392",-0.623894798559793,-0.0867260252028645,0.776681322604418
"393",0.860172724833081,0.239311461902396,0.450369745492935
"394",0.415624771704423,-0.86605120526643,-0.277869320008904
"395",0.339777477320545,-0.691832171663837,-0.637118130456656
"396",-0.0765381641431982,-0.791988195103621,0.605719909071922
"397",0.0692611720523066,-0.635285915649737,0.769164933823049
"398",-0.244833333550623,-0.880957118475895,0.404933567624539
"399",-0.712855607815105,-0.161946818486544,0.682356292847544
"400",0.826170079164667,0.206352606492359,0.524272450245917
"401",0.355893106455255,-0.925838481210953,0.12713458808139
"402",-0.0816526027847995,-0.773607943520041,0.628381732851267
"403",0.0273644393647667,-0.984516644350932,0.173142035491765
"404",0.221611086739044,-0.902774017076631,-0.368629353586584
"405",0.260635275404323,-0.945067264458048,-0.197274222504348
"406",-0.260987516097628,-0.545149753510416,0.796678895596415
"407",0.675786236994319,-0.190991177958969,0.711923683993518
"408",-0.915724781107224,-0.156565992547294,0.370047585107386
"409",-0.103322677744282,-0.767031988800625,0.633234831970185
"410",0.807335225813384,-0.506708495398602,0.3024174827151
"411",0.482881418987874,-0.804342900393038,0.346205190289766
"412",0.508801897985732,-0.425300444309124,0.748491924256086
"413",0.31302294929492,-0.836460765115754,0.44983332650736
"414",0.513209747611608,-0.384076646465069,0.767529077362269
"415",0.294125055378025,-0.936980169706465,-0.188569916412234
"416",0.826634197326658,-0.237972083938974,0.509946262929589
"417",0.531789601471356,-0.698527348116414,0.478810362983495
"418",-0.509660426301504,-0.533352589803778,0.675115741789341
"419",-0.981383672545079,-0.177171298421982,0.0741378329694271
"420",0.368836475829703,-0.879239127766998,0.301493300590664
"421",-0.936113196542067,-0.305159824287266,0.174841542262584
"422",-0.0656144748317035,-0.813279519272046,0.578161884099245
"423",-0.944640366982963,-0.323182443235335,-0.056636432185769
"424",-0.518599497956329,-0.712967455753993,0.471944877877831
"425",0.785312759894625,-0.461945369089022,0.41217756504193
"426",0.560448291635409,-0.690258806920112,0.457646688912064
"427",-0.852321048943099,-0.5172417891336,0.0775226489640771
"428",0.83392527589004,0.219444784316135,0.506372018251568
"429",-0.420676256333846,0.0814704521018618,0.903545268811285
"430",0.341931698480325,-0.758225038544666,-0.555137374438346
"431",0.44890429552854,-0.88560643587581,-0.119105726946145
"432",-0.853860944482129,-0.391202653141999,0.343339440878481
"433",0.466531251402356,-0.879095744147816,-0.097669156268239
"434",0.268866477552191,-0.849888553253494,0.453211059328169
"435",-0.94928504858291,-0.230273906734345,0.214083685539663
"436",0.352502836563815,-0.921236939769755,-0.164512160699814
"437",-0.333249543770126,-0.0866871903482734,0.938845073804259
"438",0.0704160641862377,-0.997036272029607,0.0309879034757614
"439",-0.51882156507352,-0.321391809328373,0.792168851010501
"440",-0.491032585175771,-0.696109506926719,0.523754288442433
"441",0.808523148322911,-0.534025401038869,0.247198684606701
"442",-0.906540117025665,-0.400080402902176,0.134613102767617
"443",0.74595240893574,-0.445853352447192,0.49474214669317
"444",0.0781416567639597,-0.993676539401403,0.0806276411749423
"445",-0.35525082508011,-0.393014422845372,0.848137084860355
"446",-0.21020455708444,-0.284216172047541,0.93543316796422
"447",0.482978689164391,-0.855385349924054,-0.18720974586904
"448",-0.633746034185616,-0.745984995883987,0.204627344384789
"449",0.656547159884306,-0.621557951253302,0.427330715116114
"450",-0.450273503376896,-0.524105245696448,0.722888278774917
"451",-0.675168414716095,-0.693755233387868,0.25070159137249
"452",0.525876392106195,-0.791767226023098,0.310738925822079
"453",0.413342631256499,-0.801092807407467,-0.432895117904991
"454",-0.112496346917819,-0.75207256243645,0.649408525321633
"455",-0.407953906122664,-0.174214475479111,0.896227051038295
"456",0.771145723885483,-0.581935344061278,0.258235411718488
"457",-0.150215525619664,-0.369112552408282,0.917164772283286
"458",0.676390020498386,-0.648110567827179,0.349927466828376
"459",-0.361316210675926,-0.669594404345833,0.648917505983263
"460",0.0958524115605746,-0.995392578808662,0.0024350052699447
"461",-0.96112905575564,-0.229115964322422,0.154067560099065
"462",0.280749844968607,-0.305981472528013,0.909700424876064
"463",-0.316200250745957,-0.516989450824567,0.795449124183506
"464",0.46844860935505,-0.441978215802717,0.764990952331573
"465",-0.516307671224007,-0.677219513935882,0.524213809985667
"466",0.111483406137508,-0.992773695927577,-0.0444053919054569
"467",-0.950433058934873,-0.0819524142921775,0.299934663344175
"468",-0.907956229743124,-0.363530003153247,0.208474031183869
"469",0.809507211223715,-0.579230543133798,0.0958647634834052
"470",-0.990030367905455,-0.13727495467262,-0.0315508707426489
"471",-0.899840260826971,-0.15733208908625,0.406858843751252
"472",-0.836154820103774,-0.497402002476504,0.231163069605827
"473",0.327831497364138,-0.643712298106936,0.691491855774075
"474",0.276594182517009,-0.793649090733263,-0.5418641702272
"475",-0.967690552527825,-0.247559879393641,0.0478445468470454
"476",-0.671293344082232,-0.645141883279206,0.364907106850296
"477",-0.388316289869207,-0.580918834445574,0.715362682007253
"478",0.498439671041233,-0.600560399770245,0.625208045821637
"479",0.329521359326832,-0.860106987007327,-0.389399081468582
"480",-0.557716084001888,-0.594706371716446,0.579031174536794
"481",-0.51493201776124,-0.567280291261733,0.642680393531919
"482",-0.35857982404218,-0.119482497499922,0.925820956006646
"483",-0.932778302080267,-0.357872656493865,-0.0430325563065707
"484",0.872241509684587,-0.0873496437740333,0.481211791746318
"485",-0.257058320611675,-0.256147431522198,0.931831268593669
"486",0.716196250033686,0.540889719260923,0.44102295069024
"487",-0.492714196773558,-0.686881664944159,0.53425302868709
"488",0.607742550853114,-0.0026754446065935,0.794129607733339
"489",0.589745742301697,-0.6821921455239,0.432219661772251
"490",-0.964172010648724,-0.248681838779535,0.0923562501557172
"491",0.709589023419397,0.19300938067021,0.677665696945041
"492",0.582177109644274,-0.578745527743505,0.571072173304856
"493",0.326581482243621,-0.599335219077697,0.73085007397458
"494",-0.973768151929873,-0.203537949025514,0.101724577136338
"495",-0.937581403804504,0.273364482332431,0.21497202385217
"496",0.655619341515929,-0.0210587988951792,0.754797857720405
"497",0.315039507807716,-0.649944480462714,0.691608473658562
"498",-0.985477591181173,0.153816332911998,-0.071933670900762
"499",-0.188172744248656,-0.526671837718251,0.828979971818626
"500",0.244498709637366,-0.94246052308428,-0.228009963408112
"501",-0.205512335175076,-0.747527510563825,0.631638584192842
"502",-0.884058297129944,-0.466002432412259,0.0358142466284334
"503",-0.953982035302639,-0.283721921102369,0.0970574459061027
"504",0.662825158652026,-0.120539981265945,0.739008066244423
"505",-0.941873574254058,-0.332542169867577,0.0478526423685252
"506",-0.56756168760189,-0.365453130843982,0.737778923474252
"507",0.534706050241132,-0.653631617704125,0.535588599741459
"508",-0.87356206469915,-0.439092646327086,0.209968966897577
"509",0.0933533057796709,-0.995122740836837,0.0318730445578693
"510",-0.861984761223924,-0.497032862610328,-0.0997025822289289
"511",0.339379996822714,-0.84275573771853,-0.417832483537495
"512",0.440148948094082,-0.348849107341021,0.827389390673488
"513",0.59041703247757,-0.257326819312342,0.764977539423853
"514",-0.504297342231566,-0.552324871068517,0.663793211337179
"515",-0.486639198005486,-0.556654349445475,0.673289110418409
"516",0.604163300276786,-0.622787381158338,0.497114256955683
"517",0.874882992633351,-0.184943187036065,0.447633518371731
"518",0.679744525898523,0.185605962076937,0.709575793240219
"519",-0.998280382782639,-0.0579085276993777,-0.0091038327664136
"520",0.55351248927725,-0.774392354386235,0.306496991310269
"521",0.674453529285973,-0.689123445885136,0.264993043616414
"522",-0.126808437503833,-0.905267115205582,0.405476349871606
"523",0.710870381642974,-0.387864104631568,0.586706687230617
"524",-0.938958670114348,-0.312774951455907,0.143277512397617
"525",0.786235904784666,0.00721168826507849,0.617884369101375
"526",-0.201967795387301,-0.782680135795802,0.588745118584484
"527",0.749890455617016,-0.487237071658075,0.447509039659053
"528",0.425694015894054,0.0217764505319987,0.904605102259666
"529",0.0911102952771528,-0.803188291495875,0.588716810103506
"530",-0.889193359542773,0.00822630376539768,0.457457645330578
"531",-0.349146405835612,-0.354117852438121,0.867581312544644
"532",-0.831147227729507,-0.550701212813858,-0.0769575210288167
"533",-0.419399458550232,-0.213657393363072,0.88230074942112
"534",-0.962131672062881,-0.12316418902474,-0.243173247203231
"535",0.363268246897661,-0.889516464645965,-0.277122066821903
"536",0.60114662500025,-0.334630046115552,0.725703429430723
"537",0.574485595804878,-0.660694374671703,-0.483165855053812
"538",-0.234439504653349,-0.300863700879236,0.924402051139623
"539",0.277407205420032,-0.948739042313564,-0.151457822415978
"540",-0.653966772759582,-0.223976107107627,0.722607890609652
"541",-0.11379053115449,-0.756950947742307,0.643488133326173
"542",0.820065241797865,-0.138320183679406,0.555302193388343
"543",0.884752200856125,0.257329954366656,0.388580542057753
"544",0.369295492493533,-0.923799647166287,-0.101069536060095
"545",-0.899015161661074,-0.434759277762833,0.0524986619129776
"546",-0.243089325667347,-0.743825648582967,0.622600180096924
"547",-0.6228574266318,-0.737768496220499,0.260281140450388
"548",0.262005191700399,-0.53158091267742,0.805465711746365
"549",0.843684742804526,-0.383825704254105,0.37533169798553
"550",0.896562167152908,-0.408755382404865,0.17057349672541
"551",-0.895682016712908,-0.3704051621155,0.246076697017998
"552",-0.309144333264519,-0.277355130912011,0.909672420471907
"553",0.301814118954039,-0.889273878501423,-0.343657106161118
"554",-0.176463782514966,-0.275963835047899,0.944830405525863
"555",-0.805789055254272,-0.556038348549338,0.203777705784887
"556",-0.538188777970505,-0.627590877364287,0.562567800283432
"557",0.512988520675125,-0.807340212349993,-0.291624003089964
"558",0.769225930051384,0.40557910776475,0.493758094497025
"559",-0.834875731039634,-0.547934477957613,0.0524435085244477
"560",0.647719184480057,0.187319350174053,0.738492599222809
"561",-0.346721905553211,-0.447417016946789,0.824379726313055
"562",-0.405434913874096,-0.724415141918849,0.557534961029887
"563",0.917161710482272,-0.261851355785183,0.300413488876075
"564",-0.862352385251341,-0.503052264481418,-0.0573304705321788
"565",-0.893035751138303,-0.424900653290746,0.148143788333982
"566",0.805358975179893,-0.312925030146715,0.503462855238467
"567",0.716385253199748,-0.54984009796899,-0.429497422184795
"568",0.201762938330559,-0.567379722514845,0.798355789855123
"569",-0.855697369076483,-0.485916041154438,0.177953964564949
"570",-0.170443452969577,-0.985279940124353,0.0131327426061034
"571",0.69936665624085,-0.609823731552864,-0.372828776482493
"572",0.331548626228154,-0.683661209208945,-0.65014064591378
"573",0.621176745829409,-0.286660350335514,0.729359509423375
"574",-0.766651033177762,-0.642045524318856,-0.00487216887995609
"575",0.169588089071828,-0.59350061308129,0.786763561889529
"576",0.463946816296561,-0.710841707970352,0.528637321665883
"577",0.445516075466512,-0.881387363242063,-0.157072411384434
"578",-0.327288209053517,-0.488819978516413,0.80866399500519
"579",0.604621121590964,-0.355080460064729,0.712987493723631
"580",0.204705479503271,-0.978609057477982,-0.0204933960922063
"581",0.550765428583865,-0.307469856427776,0.775963742751628
"582",-0.894919397787867,-0.255202987599588,0.366047410294414
"583",0.626361400817696,-0.684739095823261,-0.372563774697483
"584",-0.954868413823393,0.257694636042655,-0.147715222090483
"585",0.644692707268541,-0.754510335447441,-0.122822908684611
"586",0.0743537037522529,-0.973014202411846,-0.218437379226089
"587",0.439288243798172,-0.668695136839871,-0.599893867969513
"588",0.87579575507945,-0.17504371937946,0.449823845177889
"589",0.767882967279381,-0.12994654542622,0.627271587029099
"590",-0.471790767045114,-0.407341035562121,0.781976184342057
"591",0.0670799720331299,-0.984412332726242,0.162581169046462
"592",0.26555108698296,-0.527118519268569,0.807235211599618
"593",-0.854076731610357,-0.0306528223816556,0.519243046175688
"594",-0.257894074985345,-0.828070819801021,0.497784454841167
"595",-0.21252918087793,-0.585571510212647,0.782264248002321
"596",0.244345488441696,-0.569597052126598,0.784763964824378
"597",-0.608104832105577,-0.761496663877521,0.22434648219496
"598",0.657896045513024,-0.742608542665394,0.125320970546454
"599",0.685883439875352,-0.71784495853406,-0.119425802957267
"600",-0.162382858012326,-0.860539703442925,0.482807649299502
"601",-0.991820900526923,-0.119565404323975,0.0446700723841787
"602",0.257257968728701,-0.922286267131389,0.288455159403384
"603",-0.602197687277954,-0.433430729104222,0.670444441027939
"604",-0.951025955089183,0.30743571855974,-0.0321389436721801
"605",-0.475929079815473,-0.541895192277045,0.692705645691603
"606",0.142600975177875,-0.653556881393473,0.743322517257184
"607",0.634707342446379,-0.722495773325948,0.274128522723913
"608",0.590385743931303,-0.763383221420372,0.262089165393263
"609",0.610085601765251,-0.535152974244289,-0.584300310350955
"610",-0.441488988090907,-0.425700076812093,0.789852465968579
"611",0.43712762943357,-0.629039642699608,-0.642828564625233
"612",0.729323457349351,-0.313152089687889,-0.608295210637152
"613",0.241055191865238,-0.527956382779084,0.814342957455665
"614",0.705191331614383,-0.141733643284235,0.694706240203232
"615",-0.645010589946953,-0.764057697864709,0.0133106419816614
"616",0.378730392450369,-0.919200141156926,-0.107862831093371
"617",0.427756276418612,-0.630731770873035,0.647458107676357
"618",-0.824968071854157,-0.499780749353044,0.263906958978623
"619",-0.642900553715407,-0.723065551001139,0.252695641014725
"620",0.205486361136465,-0.876671581591911,-0.434996888972819
"621",0.797469715865653,-0.393537590024857,0.457351306453347
"622",-0.968179314706431,-0.229722038458655,0.0992804090492426
"623",0.0832009088155306,-0.514221145914112,0.853612454142421
"624",0.816184745665439,-0.49935617370267,-0.290664536412805
"625",-0.89258292046296,-0.292810071073738,0.342867310158908
"626",0.398073422938006,-0.914940568720343,0.0664928993210196
"627",0.274599732726734,-0.959400948247235,-0.0643801777623594
"628",0.0466425399031246,-0.904778432297487,0.423320755362511
"629",0.88101185135629,-0.0126848436557842,0.472924108617008
"630",-0.441051654433839,-0.248359944927166,0.862433055881411
"631",-0.85076842846297,-0.3648370583691,-0.378268425818533
"632",-0.936965121353856,-0.150948533422559,-0.31513632228598
"633",0.826560723120759,-0.417342100672004,0.377654527314007
"634",0.787808999807456,-0.0750687885378291,0.611327781807631
"635",0.617748981569738,-0.699102779583539,0.360057633370161
"636",0.883134781548283,0.11124641553205,0.455738074611872
"637",0.524161755873279,-0.753205619099765,-0.397411309648305
"638",0.495869266545782,-0.678284038977021,-0.542258640285581
"639",-0.989423831562816,-0.132144884579964,-0.0598181495442986
"640",0.633284445519246,-0.422464446785406,0.648440130054951
"641",0.245794198333993,-0.96198896036768,0.119006101507693
"642",-0.546473176300407,-0.659693133068192,0.515918634831905
"643",0.403276339365896,-0.83888187150129,-0.365575436502695
"644",0.286498634442127,-0.71306526290449,0.639887852128595
"645",0.288236401443398,-0.756340508906929,0.587255320511758
"646",0.720448554964731,-0.424063968087673,0.548747328575701
"647",-0.7523766570539,-0.286108677595802,0.593355871737003
"648",0.177637170260593,-0.96233945734073,-0.205785822123289
"649",0.592397828722597,-0.50597175661429,0.62694289535284
"650",0.127271034259464,-0.973216646591783,0.191445664968342
"651",0.657936201378813,-0.486959538139793,0.574447876773775
"652",0.289302367510298,-0.554533851961962,0.780254027340561
"653",0.690512082919201,-0.210513126367161,0.692009600345045
"654",0.356791092825185,-0.664559197080279,0.656552503351122
"655",-0.536212562957955,-0.594281357610355,0.59942118357867
"656",0.108570777547102,-0.94033641185711,0.322459018789232
"657",0.553217994598283,-0.768417453917337,-0.321690016891807
"658",-0.238933154008946,-0.499783094924408,0.832542975433171
"659",0.566331766731826,-0.351873282033041,0.745287544094026
"660",-0.263290980025233,-0.660087679497851,0.70353543991223
"661",0.55542295105917,-0.819615874826468,-0.140481896232814
"662",0.483830764043573,-0.854929124289135,-0.18709351727739
"663",0.589286738236823,-0.804515937861044,-0.0741299255751074
"664",0.658559153664634,-0.661137865099093,-0.359439236111939
"665",-0.0762686480371433,-0.288252850239245,0.954512120224535
"666",-0.44655289902765,-0.30502657243467,0.841159496456385
"667",-0.619915478939083,-0.504158161293093,0.601273105479777
"668",0.567127829602086,-0.133664122913565,0.812711466103792
"669",-0.893012133028565,-0.4485768958503,-0.0361676481552423
"670",0.59742827892692,-0.790688355670471,-0.133758647367358
"671",0.429499740667389,-0.822429165010518,-0.373015068471432
"672",0.314750928561316,-0.793875169174953,0.520282681565732
"673",0.367037458741451,-0.839263648646987,-0.401148391421884
"674",0.876002894008466,-0.354498659466463,0.327031543012709
"675",-0.65114086212815,-0.489096857759954,0.580344588495791
"676",-0.543046862248646,-0.697917887571645,0.46691618906334
"677",-0.994998538606777,0.0998582455847403,-0.00249779084697376
"678",0.660352702533351,-0.107425041297414,0.743232244160026
"679",-0.271580794908594,-0.452238923337818,0.849543305579573
"680",-0.96888891174791,-0.101857407281899,-0.225564503576606
"681",-0.476691206479924,-0.512286759396828,0.714372290764004
"682",-0.0973982432522215,0.058715960566704,0.993511961773038
"683",-0.987767702610936,0.127442037971631,-0.0898526161909103
"684",0.566614251388181,-0.662017056745825,0.490593219175935
"685",0.581560293604595,-0.788764729914048,-0.199092505499721
"686",-0.962263645393212,-0.271776281098258,0.0136502669192851
"687",-0.296849971068982,-0.500190565385012,0.813442986924201
"688",-0.174319315035947,-0.927863594408583,0.329669420141727
"689",-0.958564408219574,-0.259187697662034,0.118220187257975
"690",-0.980504667266195,-0.101912717116761,-0.168001177255064
"691",-0.970543822134362,-0.240621996921234,0.0120724444277585
"692",-0.874317285432764,-0.433412759059588,0.218455177731812
"693",0.128933304563587,-0.989393444790222,0.0669090007431806
"694",0.168799851453284,-0.878558417099132,-0.446812844369561
"695",-0.461778094487088,-0.429767078218226,0.775926059577614
"696",0.656996392513139,-0.751442914243393,-0.0607394999824464
"697",0.298547017994313,-0.945684927226499,0.128645623568445
"698",-0.78682320761964,-0.125609535103384,0.604261106345803
"699",-0.55036514637774,-0.68231435768662,0.481191565748304
"700",0.745986909544236,-0.266567648601161,0.610282901208848
"701",0.173938248838459,-0.773896844337353,0.608957436867058
"702",-0.707643772658894,-0.660800014146843,0.250167208723724
"703",-0.956086018383856,-0.137312027632323,0.258930362295359
"704",0.290520270622471,-0.739045941071898,0.607790316920727
"705",0.508514712713735,-0.839134664508911,-0.193043523002416
"706",0.855860184239826,-0.386806345747788,0.343342680018395
"707",-0.634555104239486,-0.685025658699471,0.357882196549326
"708",0.255369216174569,-0.721141707142862,0.644004038535058
"709",-0.917893125128385,-0.297801665044061,0.26227157516405
"710",-0.943433042650024,-0.323733443518083,0.07162926485762
"711",-0.0369461696251096,-0.998293711912657,-0.0452177543193101
"712",0.329179588665758,-0.922715822331344,-0.200589904095978
"713",0.104281830313479,-0.966615976246206,-0.234048828948289
"714",-0.591574629933016,-0.401890162971176,0.698944743257016
"715",-0.735519090219386,-0.175365891453241,0.654414602555335
"716",-0.888185931452288,-0.459461972985223,-0.00452178623527292
"717",-0.447878711834486,-0.505425565930759,0.737529427744448
"718",-0.40461908730829,-0.680041940122315,0.611413406673819
"719",-0.0893053438777841,-0.738558281021808,0.668248622212559
"720",0.44978499394518,-0.876966515894459,0.169183891732246
"721",-0.537476233831637,-0.48146728621431,0.692321132402867
"722",0.76964108077724,-0.619849672521504,0.153097975999117
"723",0.247203673156194,-0.666457100253937,0.703367100097239
"724",0.386166026479492,-0.86455898775874,-0.321579782757908
"725",-0.940926350396101,-0.328277356806848,0.0830155415460467
"726",0.0122162059867193,-0.626393769708487,0.779411065857857
"727",-0.883322428275461,-0.45041261656006,0.129884419962764
"728",0.468057199323545,-0.803354906353728,-0.368162128143013
"729",0.568709861100982,-0.561004902147184,0.601533534936607
"730",-0.454409679857798,-0.789946453805559,0.411699457094073
"731",-0.173393985966201,-0.173962173345305,0.969366642646492
"732",-0.592304781789421,-0.30055681504112,0.747556450311095
"733",-0.999601725512415,0.00381890172220644,0.0279608001001179
"734",-0.150187300589578,-0.810034921539985,0.56682201847434
"735",-0.981689171163869,-0.173579820321131,0.0784628395922482
"736",0.813395146209597,-0.472846836014316,0.33882769336924
"737",0.582286882080343,-0.492709956519853,0.646667523309588
"738",0.88560835393364,-0.4010427082993,0.234227644745261
"739",0.250579476025701,-0.425902277965904,0.869377464521676
"740",0.450184950102325,-0.885387961056976,-0.115851927548647
"741",-0.294250678965071,-0.0215502830502404,0.955485281534493
"742",-0.355048732279948,-0.555877710948412,0.751625151373446
"743",-0.719113337335293,-0.684716190265257,0.118489437736571
"744",-0.746218555646385,-0.212120548430807,0.631001378875226
"745",0.429730095869218,-0.599137740760872,0.675548675004393
"746",-0.266927252893372,-0.908383277026372,0.321853481698781
"747",-0.0562141278820496,-0.625071749625327,0.778540480416268
"748",0.434795471346269,-0.635271980873604,0.638265155255795
"749",0.458273830206157,-0.511914819866997,0.726586755830795
"750",0.106894305217432,-0.68660148547855,0.719132816419005
"751",-0.954712704426635,-0.059787306292694,0.291460340376943
"752",0.7829167721052,-0.353663696019176,0.51182352239266
"753",-0.893669248506897,-0.448706558994984,0.00420692143961787
"754",-0.773881846100667,-0.457749614999003,0.43768959119916
"755",-0.109989677407356,-0.993529517484571,-0.0283084572292864
"756",-0.174639249279859,-0.200981266247947,0.963902310002595
"757",-0.939269766457682,-0.303424644656207,-0.160330255515873
"758",0.510681259446349,-0.832001349144844,-0.216745025943965
"759",-0.192890547906893,-0.832203648477399,0.519836824387312
"760",-0.880712356215543,-0.459892623532978,0.11333366855979
"761",-0.392886870757007,-0.7338043517433,0.554230168927461
"762",-0.638014954418835,-0.28463189207476,0.715486969798803
"763",0.534709643441784,-0.6073161559271,0.587582065723836
"764",0.251276542903188,-0.963984529589985,-0.0871431333944203
"765",0.490974188169769,-0.856325330896003,0.160160151775926
"766",-0.686331073411781,-0.644952444316991,0.336133905220777
"767",-0.57654207565173,-0.790575373265449,-0.20637299772352
"768",-0.687058677959155,-0.35002307372255,0.636737167835236
"769",0.469202210211878,-0.511103820424814,-0.720154268667102
"770",0.63334102885049,-0.72083039236182,-0.281571814324707
"771",0.541744387601878,-0.693214642471778,-0.475359314586967
"772",-0.169678740978383,-0.980100390814363,-0.103016254957765
"773",-0.285838061466178,-0.548109936682718,0.786048408132046
"774",0.782062333568284,0.168373726138124,0.600023995153606
"775",0.210010100082836,-0.777673153720624,-0.592553983908147
"776",0.652920527619509,-0.706173547326633,0.273886300623417
"777",-0.0925987220725533,-0.723815121249678,0.683752255514264
"778",-0.950859522312313,-0.257691637945657,0.171642618719488
"779",0.369040900304422,-0.890707066442954,-0.265423690900207
"780",-0.23135974968208,-0.837643445833128,0.494799074251205
"781",0.769574111156147,0.244688562292108,0.589816238265485
"782",0.215514738284748,-0.784644560174267,0.581279891077429
"783",-0.920752009390752,-0.389864293170652,0.0148852313868702
"784",0.114269661196864,-0.959394390036211,0.257885340601206
"785",-0.421359631448201,-0.448295467927641,0.788344616536051
"786",-0.895859284405807,-0.435218195262394,0.0895615154877305
"787",0.649837954361058,-0.503974897097902,0.568963914643973
"788",0.551636328888782,-0.514404493609075,0.656570923514664
"789",0.436266501460443,-0.874338625740809,-0.212611164432019
"790",0.43559308124259,-0.606196723281208,0.665420318488032
"791",-0.923902808203855,-0.314836462832191,-0.217443332076073
"792",-0.636371565270223,-0.58864339543169,0.498528017196804
"793",-0.681543200090957,-0.651872314653475,0.332507671788335
"794",-0.207651470717271,-0.755203933363809,0.621729752980173
"795",0.396954352352268,-0.862369306037905,-0.314239434432238
"796",-0.76868347030421,-0.574181610319239,0.281853154767305
"797",0.790778414419067,0.115834005716718,0.601042413152754
"798",-0.0340546605863185,-0.621899317326762,0.782356388866901
"799",-0.0570253087324589,-0.447192942422132,0.892617827747017
"800",0.810416825639648,-0.449323750977072,0.375942463055253
"801",0.287534898405682,-0.806089340287871,0.517246225383133
"802",-0.536031722781952,-0.417902057269072,0.733503825962543
"803",-0.445474736339581,-0.73715366308985,0.508091267663985
"804",-0.0148877702869758,-0.880503042300086,0.473806655500084
"805",-0.293409052917031,-0.747566033874512,0.595865884795785
"806",0.809671867161542,-0.293601850951407,0.508162789512426
"807",-0.745695145950373,-0.525066539034554,0.410175424534827
"808",0.474893093012788,-0.797896654849066,-0.37126470124349
"809",-0.962499602512608,0.120988068479074,0.242809395305812
"810",-0.26208676312353,-0.124709237040878,0.956952524837106
"811",0.658529187415593,-0.507132098889919,0.556018294300884
"812",0.530351875477646,-0.496026648271747,0.687520510517061
"813",0.411754826154748,-0.907862290456704,-0.0790191413834692
"814",-0.75692303116017,-0.610615695859501,0.232843288220465
"815",-0.19085426391299,-0.480377486886188,0.856044461484998
"816",0.344211612701939,-0.594970800232312,0.72631130553782
"817",-0.510271621992709,-0.3033348161557,0.804742729756981
"818",-0.804818773741611,-0.513096916289575,-0.298325821757317
"819",0.0878099468185625,-0.993538274888461,-0.0719104274176061
"820",0.693108804311665,-0.68686240719554,-0.218678345903754
"821",0.243991556310471,-0.538724356103836,0.806377199944109
"822",-0.495322499799851,-0.598963390988859,0.629204638767987
"823",0.0922528979351281,-0.989398324693873,-0.112162194680422
"824",0.597292815271589,-0.28775140851843,0.748625687323511
"825",-0.590413394615208,-0.537029046666643,0.602504627779126
"826",0.450137291813528,-0.684172984862942,0.57383250631392
"827",-0.348061845674382,-0.885276629198064,0.308444875758141
"828",-0.942331224520154,-0.254657984710519,0.217166236136109
"829",-0.446115997064915,-0.441860589469068,0.778292834758759
"830",0.467049787116829,-0.803464186455941,-0.369201567489654
"831",-0.881341983537633,-0.470564618424227,0.042488209437579
"832",-0.167219571221735,-0.984502999482764,-0.0528342598117887
"833",-0.229064489845201,-0.286044332302811,0.930434360634536
"834",0.209314491237496,-0.564377884642377,0.798539320938289
"835",0.743570644920128,-0.565708888752114,0.356477417517453
"836",0.0593296656846015,-0.778653148761053,0.62464330997318
"837",0.776774465022288,-0.247275214576347,0.579203244764358
"838",0.243468859011174,-0.782853658265592,0.572593280114233
"839",0.411877506885173,-0.67507295379939,-0.612073056399822
"840",-0.382371141059694,-0.901307975519384,0.203558944165707
"841",0.301796448560716,-0.950978241824508,0.0675224941223859
"842",0.615259950216736,-0.749512979402236,-0.244306134525687
"843",-0.760597623794055,-0.416476332119051,0.498034857679158
"844",-0.586659859703432,-0.399919425777616,0.704197885468602
"845",-0.610747870729684,-0.615163756000449,0.498558513820171
"846",0.304691826415236,-0.910400091040884,-0.279883127659559
"847",-0.501103977591467,-0.832632702840327,0.235833809711039
"848",0.624701414611299,-0.26126864245159,0.735857893247157
"849",0.211309740175735,-0.457170956311085,0.863911401946098
"850",0.533632000906364,-0.843812684802538,-0.0567189613357186
"851",0.616147451025366,-0.723362618283698,0.311622914858162
"852",-0.518649880403833,-0.684054275712081,0.512905497569591
"853",0.202121932315079,-0.973944565435178,0.102852846030146
"854",-0.892279830784448,-0.372046987732478,0.255768924020231
"855",0.78855093717725,0.160372161385434,0.593690314330161
"856",0.397862015789531,-0.845012553065075,-0.357294838409871
"857",-0.923256433959593,-0.373752000168143,0.0889213108457624
"858",0.760359806200941,0.625579989642217,0.174650054890662
"859",-0.525898326461664,-0.695458175721668,0.48966200184077
"860",-0.777441545106666,-0.535389704828829,0.330064399633557
"861",-0.955339291172253,-0.295414344554336,-0.00756331766024228
"862",0.174401947208369,-0.806033783528692,0.565591284073889
"863",0.122775893867047,-0.79186260819274,0.598230465315282
"864",0.115868450923216,-0.99029579156533,0.0767381736077369
"865",0.49198671235921,0.197381108095843,0.847932646516711
"866",0.119188746644377,-0.967594889967372,0.222607662901282
"867",-0.317121971072573,-0.619702607074908,0.717915269546211
"868",-0.53010547762045,-0.370665841910861,0.762623771093786
"869",-0.658054408974146,-0.684592002464724,0.313525413628667
"870",0.619436029563474,-0.717343398198014,-0.318931739311665
"871",0.156571942599647,-0.953818957460388,-0.256348636001348
"872",0.0905001283139394,-0.778169416088693,0.621499868575484
"873",0.583500368965195,-0.76983918865871,0.258601900655776
"874",0.256359161478703,-0.902343561111689,-0.346491093747318
"875",0.535356589649872,-0.666067692134792,0.519371881615371
"876",0.153125221773552,-0.793404600289919,-0.589119518175721
"877",-0.971362159677189,-0.183036487687062,0.151503131724894
"878",0.126819521054238,-0.967995801220359,-0.216566243674606
"879",0.00858469272673369,-0.951904756638312,0.306273794732988
"880",0.583090758518001,-0.691167069533211,-0.426958135329187
"881",-0.884532295399597,-0.450540933098136,0.120894524268806
"882",0.725143350825051,-0.620384276822955,0.29881510976702
"883",0.605816125051957,0.133995438088789,0.784239788074046
"884",-0.991798798608646,-0.125545039650628,0.0239496575668454
"885",-0.0105583026951573,-0.919512927917592,0.392917927354574
"886",0.613565515682173,-0.00688654309908388,0.789613787550479
"887",0.451252533128814,-0.845374483682003,-0.28585509210825
"888",0.579874217245105,-0.433483959041599,0.689809792209417
"889",0.385910503024662,-0.890712107921387,-0.240218701306731
"890",0.101243806022746,-0.649724666297785,0.753397338557988
"891",-0.388179295207274,-0.197463252773447,0.90018059220165
"892",0.464842251187581,-0.818270483279909,-0.338164305780083
"893",-0.543716643077615,-0.772660988817948,0.327669358346611
"894",0.516761249925012,-0.562135462481302,0.645725585985929
"895",0.633954319741078,-0.663527725378133,-0.397281862329692
"896",0.196146215379342,-0.850797109172156,-0.48751506768167
"897",-0.499845676446561,-0.786913577589008,0.361830514390022
"898",-0.70601803168801,-0.673669171993539,0.218422493431717
"899",0.21569828429204,-0.822269851137256,0.526637011673302
"900",0.159783953906873,-0.98379332589313,0.0813620304688811
"901",-0.226289652822415,-0.936012819196342,0.269579293206334
"902",-0.935951400296408,-0.351988755634781,0.00994445523247134
"903",-0.232814550363239,-0.629046914745663,0.741685488726944
"904",0.105789257251713,-0.939366830268574,0.326187969185412
"905",0.0923403782505147,-0.900792552202688,0.424318314995617
"906",0.76622932277652,0.569831952116865,0.296958197839558
"907",-0.27033093070232,-0.640349662978362,0.718939146958292
"908",0.672734207592302,-0.724348757537564,0.150822953786701
"909",0.529011884797743,-0.495779237450167,0.688730261754245
"910",0.886888972155531,-0.442078112493482,0.134145046584308
"911",0.505794520014696,-0.812073670841362,-0.291046828962862
"912",0.299688138920343,-0.751521452455217,0.587709559127688
"913",0.388507788008086,-0.909593720145111,-0.147312466986477
"914",0.445500906489958,-0.878277903488969,-0.173657325096428
"915",0.652540084295461,-0.678501065477399,-0.337383672595024
"916",0.17287085688899,-0.954611121593965,0.242555711884052
"917",0.327449680116712,-0.66999771019714,0.666243030223995
"918",0.245121187833845,-0.949732212484253,0.194741695187986
"919",0.540484149499376,-0.824727787052314,-0.166436058003455
"920",-0.435091544880003,-0.742785773234447,0.508885687217116
"921",-0.834760323407187,-0.548445500530402,0.0488132708705963
"922",0.838183900913284,0.0245309799937653,0.544835736043751
"923",0.236056047171414,-0.970864107733191,0.0412362329661846
"924",-0.786690574417683,-0.352114926880286,0.507082851603627
"925",-0.391951983844231,-0.481742455559253,0.783771554008126
"926",0.457520387037738,-0.26601189164085,0.848476734478027
"927",0.440482494764398,-0.825433256624236,-0.353036982007325
"928",-0.991140577834335,0.026528155149211,0.130140739027411
"929",-0.137857351810944,-0.808325915609087,0.572367508430034
"930",-0.718159408562067,-0.479637520771612,0.504177461378276
"931",-0.0298759147900499,-0.986395563935607,0.161651542410254
"932",0.225122228350076,-0.966117079030659,0.12624488864094
"933",-0.511956227042681,-0.690601636017141,0.510852426756173
"934",0.571272722906213,0.0918848877441405,0.815600786823779
"935",-0.658118826495798,-0.728307974331112,0.190911248326302
"936",0.222661578978743,-0.652325255544869,0.724495398346335
"937",0.364551519378964,-0.417561846647035,0.832312617916614
"938",0.319186080837659,-0.944866638110071,0.0731251118704677
"939",0.801583797521947,0.25807111882077,0.539316894952208
"940",-0.600602307939283,-0.631923732277383,0.489846163894981
"941",-0.0287957485841943,-0.76051084650161,0.648686408996582
"942",0.725453993850478,-0.574310700606238,0.379320078529417
"943",0.592928616021052,-0.695940976430259,0.405094820540398
"944",0.633467380447977,-0.460666135404916,0.621695898007601
"945",0.177170857703971,-0.674834940137539,0.71638557408005
"946",0.47335524968678,-0.494795232222162,0.728774646762758
"947",-0.496492362926327,-0.425411739298974,0.75665063643828
"948",0.211854591687962,-0.874300373535441,0.436710990034044
"949",-0.600927118701483,-0.782406280021593,0.163483977783471
"950",0.445716545679225,-0.679028381001178,0.583315711002797
"951",0.250035720014958,-0.936074740836124,0.247479733079672
"952",-0.562707999808795,-0.642858802819098,0.519704018253833
"953",-0.447559950966657,-0.868516613628626,0.212999958079308
"954",0.620380850307249,-0.779396670177964,-0.087569578550756
"955",0.538903182360532,-0.340487155203307,0.770488064270467
"956",0.304253718875874,-0.710689165505928,0.634311110246927
"957",0.628855384791842,-0.382708964812733,0.676812199410051
"958",-0.27429010965064,-0.721375855920984,0.635910221841186
"959",0.439658997255263,-0.766912832623965,0.467487618327141
"960",-0.823803344056785,-0.43719216037532,0.360847703646869
"961",-0.931056581225064,-0.353806757060956,0.0891875620000065
"962",-0.545212181869524,-0.519472066220848,0.657945627812296
"963",-0.650307879362704,-0.402904428715753,0.644024598412216
"964",-0.998678287597528,0.0439790430835516,0.026599279139191
"965",0.306506792161163,-0.905844029106411,-0.292404140345752
"966",-0.55400379088041,-0.25642381702216,0.792039535474032
"967",-0.450532141275017,-0.862221491728,0.231505699455738
"968",0.740268811878751,-0.371570929482171,0.560300928540528
"969",-0.520262881432814,-0.78604786306722,0.333849204238504
"970",-0.135666397937613,-0.926462486209703,0.3510867273435
"971",-0.240940012136888,-0.467591168618974,0.850474226288497
"972",-0.931015866354489,-0.162273841982471,0.326919954735786
"973",-0.151242822692498,-0.823238385606984,0.547178370412439
"974",-0.594097805923432,-0.516394397211157,0.616753292270005
"975",0.766019283905356,-0.624170003039584,0.153708373196423
"976",0.705718464021379,-0.0567185799201208,0.706218416802585
"977",0.0465922912689084,-0.946078092308583,0.320570431649685
"978",-0.964736713283302,-0.134481711658726,0.226269183214754
"979",-0.33627414482718,-0.645684986144962,0.685573189519346
"980",0.525597531396207,-0.633978935964173,0.567289999686182
"981",-0.657582593742342,-0.568983272566859,0.493804787285626
"982",-0.954360394937154,-0.287696665930826,0.0801677303388715
"983",-0.272224754902009,-0.631395451811306,0.726108439732343
"984",0.782637516648287,-0.377102352310752,0.495249768719077
"985",0.387894472589886,-0.219164289755604,0.89526805607602
"986",0.476168541039055,-0.477312208900741,0.738536780234426
"987",-0.992297110674306,-0.0918325608389553,-0.083145805168897
"988",0.240394587610186,-0.635044733842526,0.734117584768683
"989",0.615620388915591,-0.576849000431689,-0.536895490251482
"990",-0.473280212279633,-0.61162443890799,0.633972701616585
"991",0.604841719905194,-0.624548530882852,-0.494070467073471
"992",0.38328536974089,-0.86657142453771,-0.319603334646672
"993",-0.595664412379405,-0.767096088529724,0.238217335194349
"994",0.498590804226619,-0.865286202184171,0.0518362638540567
"995",0.48726644165655,-0.861982697446421,0.139847217127681
"996",0.205029860156197,-0.926092105690503,-0.316727277357131
"997",0.32696158514025,-0.92088784217704,-0.212277422193438
"998",-0.190266729220522,-0.663388578561049,0.723680983297527
"999",-0.406952658308405,-0.548675571361924,0.730304492171854
"1000",0.454461728938831,-0.534028582856316,0.71293618902564
