"","V1","V2","V3"
"1",44,146,43
"2",275,704,249
"3",1043,1041,45
"4",912,908,911
"5",1048,1046,1047
"6",143,154,215
"7",42,146,128
"8",476,38,473
"9",1030,1033,1034
"10",473,176,472
"11",31,32,148
"12",1035,860,1034
"13",148,134,1543
"14",147,30,1544
"15",1248,1228,1223
"16",1220,1234,1213
"17",154,124,28
"18",664,1521,56
"19",1522,1357,1520
"20",1211,1214,913
"21",1530,129,1529
"22",124,27,28
"23",27,124,26
"24",30,147,29
"25",242,304,341
"26",223,26,221
"27",221,26,155
"28",733,566,282
"29",217,144,216
"30",129,132,1522
"31",59,60,125
"32",1240,1346,50
"33",156,1536,1535
"34",691,37,475
"35",139,134,148
"36",301,300,855
"37",32,156,139
"38",198,234,490
"39",562,263,13
"40",561,500,11
"41",17,18,306
"42",257,259,198
"43",14,15,198
"44",20,149,19
"45",209,135,149
"46",23,496,497
"47",500,261,501
"48",227,25,223
"49",501,502,11
"50",211,149,135
"51",25,254,499
"52",260,261,236
"53",7,131,6
"54",1588,1586,1589
"55",131,5,6
"56",203,240,131
"57",1,2,136
"58",240,269,1589
"59",202,131,7
"60",136,120,1
"61",837,656,404
"62",70,141,69
"63",1518,76,77
"64",79,1517,78
"65",467,658,657
"66",274,373,214
"67",1363,469,61
"68",213,1304,153
"69",70,153,141
"70",142,695,697
"71",1304,213,183
"72",32,139,148
"73",73,126,72
"74",127,78,1517
"75",173,80,126
"76",126,80,646
"77",231,488,82
"78",79,206,1517
"79",163,231,82
"80",82,83,150
"81",87,123,481
"82",83,162,150
"83",87,88,123
"84",123,88,89
"85",162,137,150
"86",137,167,195
"87",163,82,150
"88",671,90,121
"89",91,92,121
"90",118,199,117
"91",238,291,294
"92",803,381,394
"93",358,340,355
"94",94,239,295
"95",94,295,339
"96",564,116,117
"97",846,692,205
"98",117,265,564
"99",1591,389,362
"100",315,363,337
"101",265,117,199
"102",725,880,564
"103",803,364,392
"104",90,91,121
"105",172,296,201
"106",95,138,94
"107",94,138,239
"108",98,100,172
"109",99,100,98
"110",172,97,98
"111",102,103,468
"112",817,810,613
"113",816,112,814
"114",1151,1153,110
"115",1150,1151,111
"116",1159,1397,108
"117",138,95,96
"118",467,58,59
"119",369,339,353
"120",331,373,274
"121",1004,68,1173
"122",141,1170,69
"123",671,672,674
"124",87,481,1533
"125",208,694,484
"126",26,124,155
"127",1520,129,1522
"128",9,1547,8
"129",74,178,73
"130",145,75,76
"131",206,79,173
"132",178,74,145
"133",146,42,43
"134",668,41,128
"135",920,745,747
"136",252,223,186
"137",343,361,360
"138",491,856,209
"139",709,202,7
"140",131,202,203
"141",57,666,657
"142",662,659,661
"143",487,184,208
"144",147,207,29
"145",38,39,176
"146",133,147,187
"147",351,266,316
"148",574,16,307
"149",205,136,2
"150",379,601,599
"151",166,195,167
"152",195,86,255
"153",172,267,296
"154",172,318,267
"155",152,669,670
"156",160,192,481
"157",633,182,827
"158",212,140,153
"159",840,1565,838
"160",1305,1170,141
"161",160,123,89
"162",640,638,494
"163",143,275,220
"164",905,917,741
"165",155,218,216
"166",155,216,144
"167",145,76,1518
"168",74,75,145
"169",146,44,470
"170",128,146,668
"171",148,1543,31
"172",485,694,215
"173",1536,32,33
"174",31,1543,157
"175",491,20,204
"176",181,149,211
"177",1545,162,158
"178",233,159,256
"179",89,670,229
"180",1585,634,70
"181",160,229,151
"182",139,156,165
"183",153,245,212
"184",213,153,140
"185",179,484,28
"186",154,143,219
"187",218,124,154
"188",222,221,155
"189",479,476,165
"190",165,472,139
"191",190,176,228
"192",190,1543,134
"193",192,695,481
"194",83,158,162
"195",81,488,80
"196",1545,158,84
"197",160,151,192
"198",317,401,590
"199",555,702,553
"200",166,167,85
"201",256,150,137
"202",641,231,159
"203",471,677,669
"204",152,164,471
"205",474,1584,1541
"206",476,473,165
"207",195,166,86
"208",1545,167,162
"209",137,162,167
"210",168,1247,196
"211",197,169,1540
"212",548,490,235
"213",135,243,211
"214",853,269,175
"215",265,287,291
"216",572,101,297
"217",203,268,240
"218",11,500,501
"219",173,126,178
"220",508,515,503
"221",288,289,292
"222",120,136,728
"223",228,188,190
"224",472,176,134
"225",596,389,388
"226",286,171,199
"227",145,1518,178
"228",178,126,73
"229",854,497,301
"230",179,29,207
"231",301,732,300
"232",211,18,181
"233",19,149,181
"234",230,151,229
"235",304,242,302
"236",183,213,214
"237",1171,122,1303
"238",187,189,133
"239",704,706,1075
"240",185,220,310
"241",224,226,276
"242",226,186,222
"243",279,186,226
"244",190,187,1543
"245",176,190,134
"246",1028,1031,1181
"247",189,191,133
"248",147,1544,187
"249",191,189,188
"250",188,189,190
"251",190,189,187
"252",1032,1025,1027
"253",668,40,41
"254",451,444,1546
"255",432,436,440
"256",671,471,164
"257",193,669,677
"258",626,631,629
"259",194,640,646
"260",255,142,232
"261",137,195,233
"262",34,35,197
"263",50,51,196
"264",234,198,15
"265",257,198,170
"266",347,345,264
"267",291,287,289
"268",320,297,321
"269",353,317,590
"270",97,172,201
"271",239,267,200
"272",709,7,8
"273",203,202,174
"274",526,527,174
"275",240,5,131
"276",281,282,566
"277",205,729,728
"278",2,847,849
"279",857,22,700
"280",206,1518,1517
"281",173,178,206
"282",133,486,147
"283",487,486,133
"284",179,207,208
"285",486,208,207
"286",491,149,20
"287",209,298,271
"288",209,271,135
"289",517,507,520
"290",272,211,493
"291",245,153,70
"292",182,623,329
"293",214,213,140
"294",1171,1303,1305
"295",214,140,274
"296",409,592,373
"297",485,154,28
"298",707,705,215
"299",218,155,124
"300",217,216,185
"301",185,219,220
"302",278,332,250
"303",219,218,154
"304",216,218,185
"305",220,219,143
"306",218,219,185
"307",705,143,215
"308",906,217,310
"309",222,155,144
"310",223,221,186
"311",276,144,277
"312",186,221,222
"313",252,227,223
"314",26,223,25
"315",277,144,217
"316",254,253,496
"317",252,251,225
"318",303,304,322
"319",276,222,144
"320",279,226,921
"321",280,227,225
"322",499,498,24
"323",176,39,228
"324",1027,228,39
"325",89,229,160
"326",230,229,193
"327",328,359,330
"328",439,444,437
"329",159,231,163
"330",194,80,488
"331",142,481,695
"332",159,163,256
"333",255,233,195
"334",648,233,232
"335",15,16,234
"336",234,16,235
"337",574,273,573
"338",272,18,211
"339",257,260,236
"340",259,14,198
"341",314,293,294
"342",335,312,334
"343",294,337,238
"344",201,296,96
"345",200,316,295
"346",240,268,269
"347",205,177,729
"348",854,22,497
"349",281,567,282
"350",135,271,555
"351",493,243,210
"352",545,550,533
"353",18,272,273
"354",246,1585,71
"355",634,827,245
"356",703,71,72
"357",627,629,625
"358",274,325,324
"359",324,247,274
"360",373,331,309
"361",1550,214,592
"362",1077,902,908
"363",738,1074,739
"364",250,277,278
"365",332,743,250
"366",251,921,750
"367",374,65,1550
"368",252,186,279
"369",225,227,252
"370",280,281,253
"371",253,566,496
"372",25,227,254
"373",254,227,280
"374",142,255,86
"375",233,255,232
"376",150,256,163
"377",137,233,256
"378",170,540,260
"379",257,236,259
"380",305,544,548
"381",8,1547,515
"382",561,11,262
"383",500,561,236
"384",170,260,257
"385",261,260,258
"386",1547,9,504
"387",9,10,504
"388",259,561,562
"389",259,562,14
"390",562,561,563
"391",13,14,562
"392",312,335,248
"393",292,333,290
"394",171,287,199
"395",723,564,265
"396",316,266,295
"397",773,103,357
"398",296,239,138
"399",572,318,100
"400",711,268,203
"401",269,268,175
"402",175,713,714
"403",1590,1586,1588
"404",728,565,270
"405",270,565,241
"406",298,209,180
"407",492,702,701
"408",493,211,243
"409",273,272,244
"410",305,273,244
"411",306,307,17
"412",324,325,308
"413",331,274,247
"414",184,707,215
"415",275,249,738
"416",276,226,222
"417",743,276,250
"418",278,277,217
"419",276,277,250
"420",185,310,217
"421",743,224,276
"422",921,226,224
"423",252,279,251
"424",281,280,225
"425",254,280,253
"426",283,284,251
"427",743,748,224
"428",225,284,281
"429",302,271,298
"430",413,416,407
"431",285,567,284
"432",251,284,225
"433",285,284,283
"434",416,413,415
"435",326,617,324
"436",346,199,118
"437",264,345,346
"438",287,171,289
"439",265,199,287
"440",334,171,286
"441",776,775,946
"442",333,171,334
"443",291,289,288
"444",527,203,174
"445",553,552,210
"446",576,314,294
"447",265,291,238
"448",171,292,289
"449",767,581,336
"450",292,336,288
"451",611,393,609
"452",576,291,288
"453",349,337,587
"454",200,295,239
"455",339,295,352
"456",239,296,267
"457",96,296,138
"458",101,468,321
"459",200,267,319
"460",300,298,180
"461",298,300,302
"462",733,130,566
"463",570,734,322
"464",300,180,855
"465",302,300,299
"466",857,856,204
"467",733,732,130
"468",578,322,304
"469",271,302,242
"470",326,385,411
"471",568,285,571
"472",578,302,299
"473",586,771,772
"474",244,493,1548
"475",544,532,539
"476",18,273,306
"477",306,273,574
"478",235,573,305
"479",330,308,329
"480",761,887,891
"481",331,360,309
"482",362,375,378
"483",275,738,737
"484",220,737,310
"485",742,907,912
"486",1093,918,1087
"487",391,348,389
"488",593,377,335
"489",383,403,400
"490",314,576,585
"491",585,582,314
"492",349,315,337
"493",114,350,364
"494",320,200,319
"495",370,354,356
"496",317,339,352
"497",93,353,368
"498",100,318,172
"499",319,318,297
"500",318,319,267
"501",320,319,297
"502",320,321,354
"503",200,320,370
"504",101,321,297
"505",355,354,321
"506",299,732,570
"507",568,282,567
"508",308,330,326
"509",538,531,715
"510",325,274,140
"511",326,324,308
"512",140,212,325
"513",212,827,327
"514",329,308,327
"515",417,411,407
"516",308,325,327
"517",212,327,325
"518",438,446,651
"519",418,435,439
"520",182,329,327
"521",329,328,330
"522",433,436,432
"523",385,405,372
"524",616,360,331
"525",374,592,344
"526",278,217,906
"527",744,743,332
"528",171,333,292
"529",777,333,312
"530",335,334,286
"531",333,334,312
"532",345,335,286
"533",347,237,375
"534",767,292,290
"535",336,313,582
"536",587,294,293
"537",364,350,363
"538",371,384,338
"539",400,401,317
"540",352,295,266
"541",353,339,317
"542",340,354,355
"543",351,356,371
"544",772,304,303
"545",525,541,513
"546",678,401,615
"547",443,422,426
"548",617,411,417
"549",330,385,326
"550",375,377,593
"551",779,348,391
"552",346,345,286
"553",347,264,237
"554",199,346,286
"555",264,346,118
"556",248,377,387
"557",345,347,593
"558",389,596,391
"559",248,777,312
"560",923,349,293
"561",817,612,810
"562",727,880,725
"563",363,724,337
"564",316,370,356
"565",1475,1377,1379
"566",266,402,383
"567",266,383,352
"568",368,353,590
"569",339,369,94
"570",355,321,103
"571",354,340,356
"572",588,357,104
"573",105,774,104
"574",371,356,340
"575",351,316,356
"576",773,358,355
"577",340,595,371
"578",588,358,773
"579",1276,1272,975
"580",447,622,328
"581",406,405,359
"582",616,331,247
"583",408,309,361
"584",343,822,825
"585",64,408,1560
"586",364,363,315
"587",378,379,1591
"588",725,724,350
"589",366,364,315
"590",366,392,364
"591",315,594,366
"592",609,393,366
"593",594,315,349
"594",381,393,611
"595",844,1174,1005
"596",1163,992,994
"597",317,352,400
"598",591,92,802
"599",200,370,316
"600",353,93,369
"601",354,370,320
"602",595,340,358
"603",351,371,338
"604",419,406,412
"605",425,416,421
"606",309,408,409
"607",408,386,409
"608",344,592,409
"609",1550,65,1402
"610",379,378,376
"611",375,362,377
"612",387,377,362
"613",237,376,378
"614",335,377,248
"615",237,378,375
"616",376,119,804
"617",806,241,565
"618",387,389,348
"619",923,293,924
"620",973,816,814
"621",1566,403,367
"622",394,114,803
"623",802,368,590
"624",402,266,351
"625",403,383,367
"626",588,774,945
"627",582,768,770
"628",405,385,330
"629",411,385,413
"630",408,64,386
"631",344,409,386
"632",389,1591,388
"633",248,387,348
"634",730,881,806
"635",692,177,205
"636",362,389,387
"637",596,598,600
"638",600,390,596
"639",313,336,581
"640",589,778,779
"641",778,348,779
"642",393,392,366
"643",803,393,381
"644",366,594,609
"645",358,384,595
"646",399,398,396
"647",365,381,399
"648",395,609,928
"649",365,399,397
"650",971,811,970
"651",113,397,612
"652",381,398,399
"653",397,399,396
"654",1100,1098,808
"655",612,397,396
"656",383,400,352
"657",394,381,365
"658",400,382,401
"659",615,382,818
"660",672,121,673
"661",1475,351,338
"662",383,402,1474
"663",1566,818,403
"664",400,403,382
"665",951,338,384
"666",410,412,427
"667",330,359,405
"668",620,406,359
"669",412,406,342
"670",372,405,406
"671",407,411,413
"672",821,820,416
"673",361,309,360
"674",1560,408,1561
"675",409,373,309
"676",431,435,427
"677",832,1002,1165
"678",413,385,372
"679",822,417,407
"680",433,435,431
"681",419,412,420
"682",424,426,441
"683",413,372,415
"684",423,426,422
"685",760,765,618
"686",372,406,419
"687",415,414,421
"688",425,421,423
"689",407,416,820
"690",616,343,360
"691",417,616,617
"692",454,457,463
"693",439,450,418
"694",420,412,410
"695",372,419,428
"696",414,415,420
"697",428,420,415
"698",421,414,423
"699",416,415,421
"700",420,442,414
"701",765,760,763
"702",441,414,442
"703",423,422,425
"704",410,427,992
"705",303,735,1064
"706",425,422,978
"707",822,407,820
"708",414,426,423
"709",826,621,443
"710",431,427,412
"711",831,992,993
"712",372,428,415
"713",419,420,428
"714",442,420,1163
"715",993,997,996
"716",621,430,443
"717",571,884,569
"718",433,431,342
"719",412,342,431
"720",620,436,433
"721",845,230,683
"722",342,406,620
"723",435,433,432
"724",448,438,651
"725",624,625,623
"726",444,439,435
"727",427,435,418
"728",620,433,342
"729",446,440,436
"730",453,454,459
"731",445,463,457
"732",440,446,438
"733",690,151,845
"734",444,435,432
"735",439,452,450
"736",446,436,434
"737",451,1546,449
"738",414,441,426
"739",1164,441,429
"740",1163,420,410
"741",441,442,429
"742",826,426,424
"743",980,819,979
"744",440,1546,432
"745",1546,438,449
"746",453,1010,457
"747",1166,457,465
"748",447,434,622
"749",434,447,651
"750",328,623,447
"751",624,623,182
"752",635,494,628
"753",649,648,232
"754",449,986,458
"755",437,444,451
"756",452,439,437
"757",463,1002,450
"758",449,458,451
"759",453,459,461
"760",454,452,437
"761",450,452,463
"762",458,462,451
"763",1010,464,1320
"764",460,456,459
"765",454,453,457
"766",987,829,986
"767",1174,1018,682
"768",460,451,462
"769",833,461,456
"770",453,461,834
"771",1010,655,1009
"772",637,987,828
"773",688,462,458
"774",460,454,437
"775",461,459,456
"776",454,460,459
"777",437,451,460
"778",688,687,654
"779",161,672,680
"780",688,458,455
"781",456,460,462
"782",463,445,1002
"783",454,463,452
"784",840,836,837
"785",524,529,531
"786",791,786,964
"787",874,719,869
"788",59,125,658
"789",1170,1003,1173
"790",660,658,661
"791",39,1028,1027
"792",321,468,103
"793",125,60,469
"794",671,674,471
"795",139,472,134
"796",473,472,165
"797",474,478,480
"798",38,176,473
"799",34,1538,1537
"800",474,480,1584
"801",477,1539,1537
"802",38,476,475
"803",475,476,691
"804",1539,165,156
"805",156,1535,1537
"806",476,479,480
"807",480,479,477
"808",480,477,1584
"809",480,478,691
"810",481,142,1533
"811",160,481,123
"812",506,508,503
"813",782,589,779
"814",713,175,711
"815",807,604,605
"816",179,208,484
"817",208,184,694
"818",154,485,215
"819",28,484,485
"820",147,486,207
"821",487,133,191
"822",487,191,858
"823",208,486,487
"824",82,488,81
"825",194,488,231
"826",192,151,690
"827",448,625,629
"828",198,490,170
"829",234,235,490
"830",149,491,209
"831",242,341,701
"832",323,718,1551
"833",1548,493,210
"834",272,493,244
"835",641,638,194
"836",627,628,626
"837",707,184,708
"838",495,707,708
"839",497,496,130
"840",254,496,23
"841",301,497,130
"842",23,497,22
"843",12,263,563
"844",254,23,498
"845",498,499,254
"846",236,261,500
"847",501,261,505
"848",10,501,504
"849",258,506,261
"850",501,10,502
"851",503,505,506
"852",505,504,501
"853",1547,503,515
"854",506,505,261
"855",505,503,1547
"856",508,511,507
"857",519,510,517
"858",512,506,258
"859",509,514,511
"860",258,539,512
"861",508,507,516
"862",539,540,544
"863",514,525,513
"864",510,516,517
"865",709,510,519
"866",512,508,506
"867",514,532,525
"868",509,511,512
"869",508,512,511
"870",531,538,524
"871",514,523,511
"872",532,521,525
"873",520,523,716
"874",516,515,508
"875",8,515,510
"876",517,516,507
"877",515,516,510
"878",520,507,523
"879",519,174,709
"880",541,551,513
"881",785,787,783
"882",517,520,524
"883",524,519,517
"884",507,511,523
"885",522,526,524
"886",549,521,544
"887",525,545,541
"888",528,527,522
"889",174,519,526
"890",514,513,523
"891",513,542,716
"892",520,518,529
"893",529,518,534
"894",532,514,509
"895",541,545,533
"896",524,526,519
"897",526,522,527
"898",528,522,710
"899",203,527,711
"900",1138,1140,968
"901",711,175,268
"902",531,529,534
"903",524,520,529
"904",531,534,530
"905",547,530,534
"906",531,530,1054
"907",524,538,522
"908",539,509,512
"909",532,509,539
"910",554,552,492
"911",518,536,534
"912",542,535,536
"913",542,551,558
"914",559,1573,1572
"915",536,547,534
"916",542,536,518
"917",535,543,547
"918",1055,1057,1059
"919",531,1054,537
"920",715,531,537
"921",538,715,710
"922",540,258,260
"923",539,258,540
"924",170,490,548
"925",544,521,532
"926",545,525,521
"927",533,560,557
"928",716,542,518
"929",556,541,533
"930",535,558,559
"931",782,788,589
"932",548,544,540
"933",549,544,305
"934",1549,521,549
"935",1549,550,545
"936",533,557,556
"937",1552,557,722
"938",535,547,536
"939",547,543,1055
"940",170,548,540
"941",305,548,235
"942",1548,305,244
"943",1549,545,521
"944",210,552,550
"945",552,554,560
"946",558,551,546
"947",542,513,551
"948",553,210,243
"949",492,701,1551
"950",555,553,243
"951",492,552,553
"952",556,557,546
"953",550,560,533
"954",135,555,243
"955",271,242,702
"956",546,551,556
"957",541,556,551
"958",718,554,1551
"959",557,554,718
"960",558,546,1552
"961",542,558,535
"962",721,718,323
"963",994,429,1163
"964",552,560,550
"965",557,560,554
"966",236,561,259
"967",563,561,262
"968",12,563,262
"969",263,562,563
"970",723,265,238
"971",723,725,564
"972",599,601,881
"973",496,566,130
"974",281,566,253
"975",284,567,281
"976",568,567,285
"977",285,900,571
"978",570,322,299
"979",323,1551,771
"980",322,734,735
"981",282,568,570
"982",570,568,734
"983",900,283,736
"984",303,322,735
"985",235,16,574
"986",318,572,297
"987",273,305,573
"988",306,574,307
"989",235,574,573
"990",575,738,739
"991",905,311,744
"992",291,576,294
"993",585,576,288
"994",929,768,577
"995",774,105,1270
"996",302,578,304
"997",299,322,578
"998",909,908,575
"999",667,1356,1357
"1000",746,922,744
"1001",753,752,756
"1002",777,290,333
"1003",608,390,604
"1004",582,313,1283
"1005",582,583,768
"1006",581,1132,1131
"1007",1313,1315,1404
"1008",769,924,926
"1009",293,314,770
"1010",288,336,585
"1011",582,585,336
"1012",868,1335,1065
"1013",721,863,867
"1014",294,587,337
"1015",293,349,587
"1016",104,774,588
"1017",608,780,961
"1018",788,789,589
"1019",590,401,591
"1020",382,615,401
"1021",92,591,673
"1022",214,373,592
"1023",345,593,335
"1024",375,593,347
"1025",925,594,349
"1026",594,380,609
"1027",371,595,384
"1028",598,596,388
"1029",390,391,596
"1030",598,388,599
"1031",602,600,597
"1032",388,1591,599
"1033",598,597,600
"1034",379,804,601
"1035",597,598,599
"1036",597,731,602
"1037",604,390,600
"1038",806,805,241
"1039",565,729,730
"1040",602,731,852
"1041",528,1053,1140
"1042",807,606,968
"1043",800,1147,792
"1044",605,604,600
"1045",797,965,603
"1046",600,602,605
"1047",602,606,807
"1048",602,852,851
"1049",483,1139,1138
"1050",1144,1146,1141
"1051",790,795,786
"1052",603,608,604
"1053",780,779,391
"1054",928,609,380
"1055",609,395,611
"1056",923,925,349
"1057",926,577,932
"1058",395,398,611
"1059",381,611,398
"1060",817,814,614
"1061",810,612,396
"1062",395,971,398
"1063",813,974,812
"1064",814,112,614
"1065",817,113,612
"1066",615,656,685
"1067",591,675,673
"1068",617,616,247
"1069",343,616,417
"1070",324,617,247
"1071",411,617,326
"1072",979,819,978
"1073",758,896,1071
"1074",823,821,425
"1075",63,1563,1556
"1076",622,620,359
"1077",436,620,434
"1078",1299,1300,1298
"1079",1552,559,558
"1080",620,622,434
"1081",328,622,359
"1082",329,623,328
"1083",632,624,633
"1084",635,628,632
"1085",623,625,447
"1086",627,625,624
"1087",448,447,625
"1088",636,626,628
"1089",630,642,643
"1090",628,627,624
"1091",627,626,629
"1092",632,628,624
"1093",628,494,636
"1094",631,644,642
"1095",637,828,631
"1096",696,698,699
"1097",631,828,629
"1098",626,636,644
"1099",630,637,631
"1100",633,624,182
"1101",635,632,246
"1102",327,827,182
"1103",246,632,633
"1104",70,634,245
"1105",246,633,634
"1106",246,71,635
"1107",703,635,71
"1108",638,636,494
"1109",642,630,631
"1110",988,698,989
"1111",988,987,637
"1112",494,703,640
"1113",194,231,641
"1114",645,638,641
"1115",648,649,650
"1116",72,126,646
"1117",194,638,640
"1118",159,647,641
"1119",639,644,645
"1120",644,631,626
"1121",643,642,639
"1122",647,650,639
"1123",643,489,699
"1124",645,644,636
"1125",642,644,639
"1126",638,645,636
"1127",645,641,647
"1128",194,646,80
"1129",72,646,640
"1130",647,159,648
"1131",645,647,639
"1132",233,648,159
"1133",697,649,232
"1134",489,643,649
"1135",650,649,643
"1136",639,650,643
"1137",648,650,647
"1138",434,651,446
"1139",447,448,651
"1140",1318,1178,1320
"1141",1135,796,793
"1142",986,829,1161
"1143",192,696,695
"1144",684,845,683
"1145",677,681,683
"1146",681,682,676
"1147",839,843,679
"1148",660,657,658
"1149",67,1004,66
"1150",666,467,657
"1151",658,125,661
"1152",467,666,58
"1153",61,1362,1363
"1154",663,664,56
"1155",659,663,660
"1156",660,665,57
"1157",661,125,1363
"1158",660,661,659
"1159",62,920,1366
"1160",911,915,579
"1161",663,659,664
"1162",57,657,660
"1163",662,667,659
"1164",664,659,667
"1165",658,467,59
"1166",663,56,665
"1167",660,663,665
"1168",1359,1260,1262
"1169",1352,1090,1360
"1170",146,470,668
"1171",668,470,1031
"1172",193,229,670
"1173",152,471,669
"1174",90,671,164
"1175",193,670,669
"1176",672,671,121
"1177",121,92,673
"1178",672,161,674
"1179",401,678,591
"1180",672,673,680
"1181",681,674,161
"1182",193,677,230
"1183",685,675,615
"1184",673,675,680
"1185",161,680,686
"1186",676,684,683
"1187",471,674,677
"1188",677,674,681
"1189",615,675,678
"1190",591,678,675
"1191",839,656,837
"1192",1008,1012,1174
"1193",685,680,675
"1194",161,686,682
"1195",682,681,161
"1196",681,676,683
"1197",844,1005,843
"1198",1008,461,1012
"1199",676,1018,684
"1200",230,677,683
"1201",654,687,684
"1202",455,689,687
"1203",615,818,656
"1204",685,679,686
"1205",685,686,680
"1206",1005,686,679
"1207",654,833,688
"1208",455,990,689
"1209",462,688,456
"1210",455,687,688
"1211",689,653,690
"1212",684,687,689
"1213",690,653,696
"1214",845,151,230
"1215",480,691,476
"1216",37,691,478
"1217",846,205,2
"1218",692,483,851
"1219",849,846,2
"1220",850,693,849
"1221",215,694,184
"1222",484,694,485
"1223",192,690,696
"1224",489,649,697
"1225",698,696,653
"1226",489,695,696
"1227",142,697,232
"1228",489,697,695
"1229",988,989,829
"1230",630,643,699
"1231",696,699,489
"1232",630,699,698
"1233",700,855,856
"1234",700,856,857
"1235",771,1551,341
"1236",492,553,702
"1237",271,702,555
"1238",242,701,702
"1239",640,703,72
"1240",635,703,494
"1241",705,275,143
"1242",704,495,1052
"1243",495,704,705
"1244",705,704,275
"1245",1029,495,708
"1246",1039,1182,1035
"1247",708,184,858
"1248",495,705,707
"1249",1024,708,858
"1250",706,704,1052
"1251",202,709,174
"1252",8,510,709
"1253",538,710,522
"1254",1053,710,482
"1255",527,528,711
"1256",713,528,712
"1257",710,1053,528
"1258",483,848,714
"1259",528,713,711
"1260",714,713,712
"1261",714,712,1139
"1262",714,693,853
"1263",1142,715,537
"1264",710,715,482
"1265",520,716,518
"1266",513,716,523
"1267",1057,1060,1056
"1268",1015,1318,1007
"1269",867,863,865
"1270",557,718,722
"1271",1063,865,586
"1272",621,826,1162
"1273",1067,879,720
"1274",720,722,1067
"1275",863,721,323
"1276",721,719,879
"1277",1067,718,721
"1278",722,720,1552
"1279",724,723,238
"1280",723,724,725
"1281",337,724,238
"1282",350,724,363
"1283",114,726,727
"1284",114,727,350
"1285",115,880,726
"1286",350,727,725
"1287",880,727,726
"1288",120,728,270
"1289",205,728,136
"1290",730,729,177
"1291",728,729,565
"1292",177,731,730
"1293",597,881,731
"1294",731,177,852
"1295",881,597,599
"1296",300,732,299
"1297",130,732,301
"1298",282,570,733
"1299",732,733,570
"1300",571,882,568
"1301",883,882,1070
"1302",882,735,734
"1303",865,866,864
"1304",890,251,750
"1305",897,888,895
"1306",275,737,220
"1307",907,737,575
"1308",738,249,1074
"1309",737,738,575
"1310",1074,1075,901
"1311",1215,910,1080
"1312",577,583,1207
"1313",1267,1377,903
"1314",278,906,917
"1315",1086,918,741
"1316",742,906,907
"1317",742,912,916
"1318",332,905,744
"1319",743,580,748
"1320",746,744,311
"1321",580,743,744
"1322",745,746,747
"1323",751,580,752
"1324",746,311,1085
"1325",746,745,922
"1326",918,311,905
"1327",920,62,1091
"1328",580,751,748
"1329",224,748,750
"1330",745,1091,757
"1331",749,753,755
"1332",751,750,748
"1333",761,891,749
"1334",752,580,922
"1335",751,749,894
"1336",755,754,759
"1337",749,751,753
"1338",751,752,753
"1339",756,755,753
"1340",756,757,764
"1341",1555,766,762
"1342",760,758,759
"1343",759,761,755
"1344",757,756,752
"1345",754,755,756
"1346",745,757,752
"1347",764,763,754
"1348",984,981,983
"1349",755,761,749
"1350",760,759,754
"1351",761,759,758
"1352",763,760,754
"1353",760,618,982
"1354",884,736,886
"1355",887,761,1071
"1356",62,762,766
"1357",1557,1559,1556
"1358",756,764,754
"1359",62,766,764
"1360",757,62,764
"1361",1555,762,63
"1362",764,766,763
"1363",821,823,1558
"1364",292,767,336
"1365",763,766,1554
"1366",789,767,290
"1367",577,768,583
"1368",770,768,584
"1369",929,924,584
"1370",928,927,1097
"1371",582,770,314
"1372",770,584,924
"1373",772,771,341
"1374",863,771,586
"1375",304,772,341
"1376",1063,772,303
"1377",103,773,355
"1378",357,588,773
"1379",957,1116,1115
"1380",947,588,945
"1381",934,610,1097
"1382",1106,949,954
"1383",1118,1116,1119
"1384",946,945,776
"1385",778,248,348
"1386",777,589,789
"1387",589,777,778
"1388",248,778,777
"1389",391,390,961
"1390",782,779,783
"1391",607,785,608
"1392",781,782,783
"1393",787,790,786
"1394",963,781,791
"1395",783,779,780
"1396",788,781,784
"1397",780,785,783
"1398",790,785,607
"1399",791,781,787
"1400",767,789,581
"1401",608,785,780
"1402",787,785,790
"1403",964,786,796
"1404",784,781,963
"1405",791,787,786
"1406",781,783,787
"1407",781,788,782
"1408",789,788,784
"1409",581,789,784
"1410",789,290,777
"1411",794,790,607
"1412",795,794,798
"1413",786,795,796
"1414",1131,313,581
"1415",794,797,800
"1416",794,800,792
"1417",798,792,799
"1418",719,867,869
"1419",794,607,965
"1420",798,794,792
"1421",794,795,790
"1422",796,795,793
"1423",1136,798,799
"1424",999,1400,998
"1425",608,965,607
"1426",800,797,967
"1427",1145,1294,792
"1428",795,798,793
"1429",720,879,1202
"1430",1136,966,1135
"1431",967,797,603
"1432",800,801,1147
"1433",807,968,603
"1434",715,1142,482
"1435",368,802,92
"1436",590,591,802
"1437",364,803,114
"1438",393,803,392
"1439",376,804,379
"1440",805,804,119
"1441",730,806,565
"1442",804,805,601
"1443",805,806,601
"1444",604,807,603
"1445",602,807,605
"1446",941,610,933
"1447",613,810,812
"1448",594,925,380
"1449",809,1097,1098
"1450",970,812,810
"1451",817,613,814
"1452",398,970,396
"1453",812,811,972
"1454",970,810,396
"1455",812,972,813
"1456",1129,943,942
"1457",1295,1150,111
"1458",973,974,975
"1459",973,814,613
"1460",973,975,815
"1461",976,1156,1151
"1462",816,815,1148
"1463",112,816,1295
"1464",113,817,614
"1465",403,818,382
"1466",656,818,404
"1467",979,422,443
"1468",765,985,618
"1469",821,416,425
"1470",822,820,619
"1471",978,823,425
"1472",619,820,821
"1473",1557,825,619
"1474",822,343,417
"1475",985,823,819
"1476",1554,1553,1559
"1477",1559,1557,1558
"1478",825,1564,361
"1479",619,825,822
"1480",1560,1561,824
"1481",426,826,443
"1482",1162,826,424
"1483",245,827,212
"1484",633,827,634
"1485",438,448,828
"1486",629,828,448
"1487",630,988,637
"1488",698,653,989
"1489",1480,1407,1405
"1490",869,870,868
"1491",427,993,992
"1492",996,1000,831
"1493",832,1165,999
"1494",1000,996,998
"1495",688,833,456
"1496",1012,833,654
"1497",1008,834,461
"1498",1010,834,655
"1499",66,1004,835
"1500",685,656,839
"1501",1019,1011,1014
"1502",404,1565,840
"1503",839,837,836
"1504",903,1104,1267
"1505",464,1009,1007
"1506",836,1014,843
"1507",839,679,685
"1508",404,840,837
"1509",1307,1019,840
"1510",1307,840,838
"1511",1007,1009,1006
"1512",740,1107,1114
"1513",934,927,931
"1514",836,843,839
"1515",843,841,844
"1516",841,1006,844
"1517",1006,655,1008
"1518",684,689,845
"1519",690,845,689
"1520",849,848,846
"1521",692,846,848
"1522",849,847,850
"1523",848,849,693
"1524",714,848,693
"1525",848,483,692
"1526",850,847,3
"1527",1588,850,3
"1528",853,850,269
"1529",1138,851,483
"1530",602,851,606
"1531",177,692,852
"1532",851,852,692
"1533",714,853,175
"1534",850,853,693
"1535",855,854,301
"1536",22,854,700
"1537",856,855,180
"1538",854,855,700
"1539",209,856,180
"1540",204,856,491
"1541",204,21,857
"1542",22,857,21
"1543",487,858,184
"1544",1024,858,191
"1545",191,1025,1024
"1546",860,1029,1034
"1547",1029,1024,1026
"1548",1026,1034,1029
"1549",1144,1053,482
"1550",801,967,968
"1551",862,1054,1055
"1552",1145,969,1143
"1553",771,863,323
"1554",863,586,865
"1555",876,872,878
"1556",870,875,876
"1557",586,772,1063
"1558",867,865,864
"1559",882,883,735
"1560",872,875,1568
"1561",864,870,869
"1562",721,867,719
"1563",830,1399,1300
"1564",862,1055,1059
"1565",864,869,867
"1566",1191,1065,874
"1567",866,1568,875
"1568",864,875,870
"1569",874,1065,871
"1570",1184,1185,1061
"1571",1066,1193,878
"1572",1198,1197,873
"1573",1204,991,1205
"1574",1194,1200,876
"1575",1191,869,868
"1576",1202,559,1552
"1577",866,875,864
"1578",876,875,872
"1579",569,888,893
"1580",876,1193,1194
"1581",886,888,884
"1582",877,897,898
"1583",1070,899,883
"1584",878,877,1066
"1585",874,1068,719
"1586",879,719,1068
"1587",115,116,880
"1588",564,880,116
"1589",806,881,601
"1590",731,881,730
"1591",568,882,734
"1592",1070,571,569
"1593",893,899,569
"1594",883,1568,1064
"1595",900,884,571
"1596",887,885,886
"1597",618,985,980
"1598",888,569,884
"1599",886,736,887
"1600",886,885,888
"1601",283,889,736
"1602",736,889,887
"1603",895,888,885
"1604",888,897,893
"1605",283,890,889
"1606",894,890,750
"1607",251,890,283
"1608",750,751,894
"1609",887,889,891
"1610",890,891,889
"1611",895,885,896
"1612",892,983,898
"1613",877,878,893
"1614",878,872,1073
"1615",749,891,894
"1616",890,894,891
"1617",885,1071,896
"1618",897,895,892
"1619",982,618,980
"1620",892,895,896
"1621",898,897,892
"1622",897,877,893
"1623",1072,430,621
"1624",1066,873,1193
"1625",1073,893,878
"1626",899,1073,1568
"1627",283,900,285
"1628",884,900,736
"1629",1052,1035,706
"1630",1080,1078,1237
"1631",739,1074,1078
"1632",912,911,579
"1633",384,358,947
"1634",1376,740,1114
"1635",1133,1283,1131
"1636",1498,1334,1332
"1637",917,905,332
"1638",918,905,741
"1639",907,906,310
"1640",917,906,742
"1641",737,907,310
"1642",907,575,908
"1643",909,575,739
"1644",908,902,911
"1645",1077,739,910
"1646",908,909,1077
"1647",1078,910,739
"1648",1081,1220,1343
"1649",902,914,911
"1650",914,915,911
"1651",912,579,916
"1652",907,908,912
"1653",914,1212,1211
"1654",1356,1090,1352
"1655",1215,1081,1216
"1656",913,1082,914
"1657",1087,918,1086
"1658",1093,1085,918
"1659",1086,916,579
"1660",917,916,741
"1661",278,917,332
"1662",916,917,742
"1663",741,916,1086
"1664",1259,667,662
"1665",1082,1084,915
"1666",1082,915,914
"1667",1095,920,747
"1668",1260,1360,1361
"1669",279,921,251
"1670",224,750,921
"1671",922,580,744
"1672",745,752,922
"1673",293,770,924
"1674",923,769,925
"1675",584,768,929
"1676",769,923,924
"1677",927,925,769
"1678",395,928,809
"1679",1208,1209,1341
"1680",931,927,769
"1681",931,769,926
"1682",1097,927,934
"1683",380,925,928
"1684",927,928,925
"1685",577,926,929
"1686",924,929,926
"1687",1473,1516,1487
"1688",1104,903,1106
"1689",1102,926,932
"1690",926,1102,931
"1691",1207,1208,577
"1692",933,934,935
"1693",937,933,935
"1694",937,940,933
"1695",935,934,931
"1696",610,934,933
"1697",930,938,932
"1698",938,936,937
"1699",1107,1108,1105
"1700",941,933,940
"1701",938,937,935
"1702",936,1392,940
"1703",938,935,1102
"1704",938,930,1371
"1705",1278,1108,1264
"1706",943,941,939
"1707",936,940,937
"1708",940,939,941
"1709",958,953,775
"1710",943,1263,941
"1711",1269,776,1270
"1712",1277,1574,1128
"1713",960,1281,953
"1714",1098,610,1101
"1715",946,950,944
"1716",384,947,949
"1717",776,945,774
"1718",947,945,944
"1719",953,950,946
"1720",944,945,946
"1721",947,944,949
"1722",588,947,358
"1723",948,950,953
"1724",1104,1103,740
"1725",955,954,950
"1726",338,951,903
"1727",953,946,775
"1728",948,955,950
"1729",384,949,951
"1730",954,949,944
"1731",952,955,956
"1732",1103,1104,952
"1733",957,958,959
"1734",958,960,953
"1735",950,954,944
"1736",954,952,1106
"1737",955,948,1280
"1738",954,955,952
"1739",1280,1281,1130
"1740",1279,1108,1278
"1741",942,943,1115
"1742",1390,1391,939
"1743",959,958,775
"1744",960,958,957
"1745",1119,959,1121
"1746",1117,1127,1383
"1747",1391,957,1115
"1748",1392,1282,1390
"1749",608,961,390
"1750",780,391,961
"1751",1291,1290,791
"1752",1284,1133,1287
"1753",964,1291,791
"1754",1132,963,962
"1755",1190,966,1189
"1756",1288,1289,1134
"1757",603,965,608
"1758",794,965,797
"1759",717,1059,1061
"1760",1400,652,998
"1761",968,967,603
"1762",800,967,801
"1763",1138,968,606
"1764",1141,968,1140
"1765",1143,1142,537
"1766",1147,801,1146
"1767",971,970,398
"1768",812,970,811
"1769",1100,395,809
"1770",972,971,808
"1771",971,972,811
"1772",1277,972,808
"1773",974,973,613
"1774",815,816,973
"1775",812,974,613
"1776",974,813,975
"1777",1128,1125,1120
"1778",1118,942,1116
"1779",1275,815,975
"1780",1152,110,1153
"1781",979,978,422
"1782",1295,1148,1150
"1783",823,978,819
"1784",430,981,443
"1785",981,980,979
"1786",443,981,979
"1787",982,758,760
"1788",430,983,981
"1789",984,896,982
"1790",984,980,981
"1791",896,758,982
"1792",983,430,1203
"1793",984,983,892
"1794",896,984,892
"1795",984,982,980
"1796",985,765,1559
"1797",980,985,819
"1798",987,986,449
"1799",1161,829,989
"1800",449,438,987
"1801",987,438,828
"1802",698,988,630
"1803",987,988,829
"1804",990,653,689
"1805",458,1161,455
"1806",1161,990,455
"1807",653,990,989
"1808",1164,429,994
"1809",1205,1583,1340
"1810",993,427,418
"1811",992,831,994
"1812",995,993,418
"1813",993,995,997
"1814",831,1000,1298
"1815",1164,424,441
"1816",418,450,995
"1817",450,1002,997
"1818",998,996,832
"1819",831,993,996
"1820",450,997,995
"1821",832,996,997
"1822",999,998,832
"1823",1000,998,652
"1824",1015,1017,1023
"1825",1167,1166,465
"1826",652,1450,1299
"1827",1300,1299,1001
"1828",1301,1400,1169
"1829",1169,999,1168
"1830",1165,1002,445
"1831",997,1002,832
"1832",835,1172,122
"1833",68,466,1173
"1834",68,1004,67
"1835",1172,1004,1003
"1836",686,1005,682
"1837",843,1005,679
"1838",1006,841,1007
"1839",655,834,1008
"1840",1013,1014,1011
"1841",1013,1007,841
"1842",833,1012,461
"1843",844,1006,1008
"1844",1010,1009,464
"1845",1006,1009,655
"1846",457,1010,465
"1847",834,1010,453
"1848",1017,1015,1011
"1849",1013,1015,1007
"1850",1018,1012,654
"1851",1174,682,1005
"1852",1014,1013,841
"1853",1015,1013,1011
"1854",843,1014,841
"1855",1019,1014,836
"1856",1017,1020,1175
"1857",1318,1023,1178
"1858",1175,1021,1314
"1859",1134,1290,1291
"1860",1020,1017,1011
"1861",1177,1023,1317
"1862",684,1018,654
"1863",682,1018,676
"1864",840,1019,836
"1865",1019,842,1020
"1866",1019,1020,1011
"1867",1175,1020,1306
"1868",1306,1307,1176
"1869",1103,1107,740
"1870",1023,1177,1022
"1871",966,1184,1189
"1872",1317,1017,1016
"1873",1023,1022,1178
"1874",1025,191,188
"1875",1024,859,1026
"1876",1027,1025,188
"1877",859,1024,1025
"1878",1030,859,1181
"1879",1026,859,1030
"1880",228,1027,188
"1881",39,40,1028
"1882",1031,1028,40
"1883",1032,1028,1181
"1884",1029,860,1052
"1885",1024,1029,708
"1886",44,1179,470
"1887",1038,1041,1040
"1888",668,1031,40
"1889",470,1030,1181
"1890",1025,1032,859
"1891",1027,1028,1032
"1892",1030,470,1179
"1893",1035,1033,1037
"1894",1030,1034,1026
"1895",1035,1034,1033
"1896",1040,1036,1037
"1897",1035,1037,1039
"1898",1571,1040,1041
"1899",1239,1229,1238
"1900",1180,1040,1033
"1901",1039,1037,1036
"1902",1180,1030,1179
"1903",1569,45,1038
"1904",1079,1080,1342
"1905",1039,1344,1182
"1906",1033,1040,1037
"1907",1041,1038,45
"1908",1046,1043,1044
"1909",1045,1571,1043
"1910",1043,1046,1042
"1911",1235,1571,1045
"1912",1044,46,1046
"1913",1043,1042,1045
"1914",1051,1042,1048
"1915",1043,45,1044
"1916",1238,1042,1051
"1917",1048,1047,1049
"1918",1048,1042,1046
"1919",1049,1047,47
"1920",1046,46,1047
"1921",1183,1050,1051
"1922",47,48,1049
"1923",1183,1049,48
"1924",1230,1224,1222
"1925",1078,1080,910
"1926",1048,1049,1183
"1927",1051,1050,1238
"1928",1029,1052,495
"1929",1035,1052,860
"1930",1144,482,1142
"1931",1053,861,1140
"1932",1055,1054,530
"1933",1143,1054,862
"1934",547,1055,530
"1935",1055,543,1057
"1936",1060,543,1572
"1937",1184,799,1185
"1938",543,535,1572
"1939",1059,1057,1056
"1940",1503,1202,879
"1941",1504,1058,1573
"1942",1059,1056,1410
"1943",862,1059,717
"1944",543,1060,1057
"1945",1062,1060,1058
"1946",1062,1056,1060
"1947",1184,1061,1188
"1948",1335,1337,1065
"1949",1062,1322,1410
"1950",1064,1063,303
"1951",865,1063,866
"1952",883,1064,735
"1953",1063,1064,866
"1954",1195,1335,1194
"1955",1323,1412,1186
"1956",877,1201,1066
"1957",1575,1203,1072
"1958",718,1067,722
"1959",721,879,1067
"1960",871,1502,874
"1961",1419,871,1418
"1962",1069,1502,1419
"1963",1572,1573,1058
"1964",571,1070,882
"1965",899,1070,569
"1966",887,1071,885
"1967",758,1071,761
"1968",1162,1204,621
"1969",1206,1575,1072
"1970",1073,872,1568
"1971",893,1073,899
"1972",1075,1074,249
"1973",1078,1074,901
"1974",704,1075,249
"1975",1182,1075,706
"1976",1284,1283,1133
"1977",1209,1208,1076
"1978",739,1077,909
"1979",1077,910,1216
"1980",1344,901,1182
"1981",1236,1036,1235
"1982",1079,1224,1221
"1983",1347,1252,1350
"1984",1236,1237,1344
"1985",1211,913,914
"1986",1212,1216,1081
"1987",1217,1220,1218
"1988",1082,1255,1084
"1989",1255,1082,913
"1990",913,1256,1255
"1991",1357,664,667
"1992",1358,1257,1258
"1993",1087,1086,1088
"1994",746,1085,747
"1995",311,918,1085
"1996",915,1088,579
"1997",1088,1084,1087
"1998",1084,1089,1087
"1999",1358,1094,1089
"2000",579,1088,1086
"2001",1084,1088,915
"2002",1083,1257,1084
"2003",1359,1094,919
"2004",1365,1362,1364
"2005",1358,919,1094
"2006",757,1091,62
"2007",745,920,1091
"2008",1093,747,1085
"2009",919,1352,1360
"2010",1089,1093,1087
"2011",1093,1094,1095
"2012",1095,1094,1092
"2013",1089,1094,1093
"2014",1095,1092,1367
"2015",747,1093,1095
"2016",1098,1097,610
"2017",1261,1366,1262
"2018",928,1097,809
"2019",1101,610,1263
"2020",1100,808,971
"2021",1125,1118,1123
"2022",1101,1574,1098
"2023",395,1100,971
"2024",809,1098,1100
"2025",1263,610,941
"2026",1101,1099,1574
"2027",938,1102,932
"2028",931,1102,935
"2029",952,956,1103
"2030",1264,1108,1107
"2031",1104,740,1376
"2032",903,951,1106
"2033",1314,1313,1266
"2034",1114,1110,1112
"2035",1106,951,949
"2036",952,1104,1106
"2037",1264,1103,956
"2038",1110,1107,1105
"2039",955,1280,956
"2040",1370,1265,1369
"2041",1110,1113,1109
"2042",1175,1306,1021
"2043",1380,1268,1113
"2044",1110,1109,1112
"2045",1368,1105,1108
"2046",1330,1331,1137
"2047",1109,1312,1308
"2048",1403,1378,1310
"2049",1380,1110,1105
"2050",1404,1315,1113
"2051",1110,1114,1107
"2052",1376,1114,1112
"2053",1391,943,939
"2054",1116,957,959
"2055",1119,1117,1118
"2056",942,1115,1116
"2057",1149,976,1148
"2058",1117,1123,1118
"2059",1119,1116,959
"2060",1120,1123,1124
"2061",959,1269,1121
"2062",105,1382,1270
"2063",813,1277,1276
"2064",1125,942,1118
"2065",1270,1121,1269
"2066",1381,1271,106
"2067",1117,1119,1126
"2068",1119,1382,1126
"2069",1124,1123,1117
"2070",1123,1120,1125
"2071",1126,1127,1117
"2072",1275,975,1272
"2073",1120,1276,1128
"2074",1129,1125,1128
"2075",1382,1119,1121
"2076",1127,1126,1122
"2077",1384,1122,1381
"2078",1157,1158,1155
"2079",1128,1276,1277
"2080",1129,1128,1099
"2081",1129,1099,1263
"2082",942,1125,1129
"2083",960,1282,1130
"2084",1279,1369,1368
"2085",1132,581,784
"2086",1133,1131,962
"2087",963,1132,784
"2088",962,1131,1132
"2089",1285,1287,1288
"2090",1207,1284,1076
"2091",964,1395,1292
"2092",1076,1284,1286
"2093",1136,1135,793
"2094",1190,1135,966
"2095",798,1136,793
"2096",799,966,1136
"2097",966,799,1184
"2098",1302,1169,1401
"2099",1138,606,851
"2100",1138,1139,1140
"2101",714,1139,483
"2102",1140,1139,712
"2103",1140,712,528
"2104",1140,861,1141
"2105",1141,861,1144
"2106",801,968,1141
"2107",537,1054,1143
"2108",1144,1142,969
"2109",1293,862,717
"2110",969,1142,1143
"2111",1144,969,1146
"2112",1053,1144,861
"2113",1293,1143,862
"2114",1145,1293,1294
"2115",1147,969,1145
"2116",1141,1146,801
"2117",969,1147,1146
"2118",1145,792,1147
"2119",1149,1148,815
"2120",1150,1148,976
"2121",1124,1383,1273
"2122",1274,1383,1384
"2123",1151,1150,976
"2124",1295,111,977
"2125",1155,1156,1477
"2126",111,1151,110
"2127",1153,1155,1152
"2128",1297,108,1160
"2129",1274,1389,1273
"2130",1477,1156,976
"2131",1155,1158,1152
"2132",1156,1155,1153
"2133",1155,1154,1157
"2134",1151,1156,1153
"2135",976,1149,1477
"2136",1154,1476,1297
"2137",1160,109,1157
"2138",1387,1386,1388
"2139",1157,109,1158
"2140",1512,1478,1479
"2141",986,1161,458
"2142",1297,1160,1157
"2143",990,1161,989
"2144",1164,1162,424
"2145",1204,1162,991
"2146",442,1163,429
"2147",992,1163,410
"2148",1164,994,1298
"2149",1164,1399,1162
"2150",445,1166,1165
"2151",1166,1167,1168
"2152",457,1166,445
"2153",465,1010,1320
"2154",1302,1401,1319
"2155",1165,1168,999
"2156",1166,1168,1165
"2157",1168,1167,1401
"2158",1506,1452,1302
"2159",1337,1338,1336
"2160",69,1170,466
"2161",1304,1305,141
"2162",1402,1171,1305
"2163",1170,1305,1303
"2164",1004,1172,835
"2165",1303,1172,1003
"2166",1170,1173,466
"2167",1004,1173,1003
"2168",1008,1174,844
"2169",1018,1174,1012
"2170",1017,1175,1016
"2171",1306,1020,842
"2172",1309,1308,1176
"2173",1312,1176,1308
"2174",1314,1021,1313
"2175",1316,1508,1581
"2176",1022,1319,1178
"2177",1320,1167,465
"2178",1570,44,1569
"2179",1030,1180,1033
"2180",1570,1180,1179
"2181",1040,1180,1038
"2182",1181,859,1032
"2183",470,1181,1031
"2184",1075,1182,901
"2185",1035,1182,706
"2186",1183,48,1244
"2187",1048,1183,1051
"2188",1412,1188,1322
"2189",1189,1188,1323
"2190",1294,1185,799
"2191",1061,1185,717
"2192",1416,1418,1415
"2193",1065,1336,1415
"2194",1187,1323,1325
"2195",796,1135,1190
"2196",1322,1188,1061
"2197",1188,1412,1323
"2198",1188,1189,1184
"2199",1189,1187,1190
"2200",1413,1190,1187
"2201",1396,1292,1395
"2202",869,1191,874
"2203",868,1065,1191
"2204",1197,1199,1195
"2205",1195,1199,1420
"2206",1194,1193,873
"2207",878,1193,876
"2208",1195,1194,873
"2209",870,1200,868
"2210",1197,1195,873
"2211",1335,1195,1192
"2212",1198,1340,1197
"2213",1505,1437,1449
"2214",873,1066,1198
"2215",1197,1196,1199
"2216",1066,1201,1575
"2217",1072,621,1204
"2218",1429,1583,1339
"2219",1450,1301,1437
"2220",876,1200,870
"2221",1335,1200,1194
"2222",877,898,1201
"2223",1203,1575,898
"2224",1503,879,1068
"2225",1202,1069,1573
"2226",983,1203,898
"2227",430,1072,1203
"2228",991,830,1205
"2229",1575,1206,1198
"2230",1583,1205,830
"2231",1340,1198,1206
"2232",1072,1204,1206
"2233",1340,1204,1205
"2234",1284,1207,583
"2235",1208,1207,1076
"2236",1076,904,1209
"2237",577,1208,932
"2238",1375,1372,1374
"2239",932,1341,930
"2240",1229,1235,1045
"2241",1239,1226,1229
"2242",1212,914,902
"2243",1220,1081,1218
"2244",902,1077,1216
"2245",1081,1211,1212
"2246",1081,1215,1218
"2247",1228,1234,1225
"2248",1511,1347,1350
"2249",1256,1527,1255
"2250",1079,1219,1080
"2251",1217,1218,1219
"2252",1216,1212,902
"2253",910,1215,1216
"2254",1221,1217,1219
"2255",1217,1221,1225
"2256",1219,1218,1215
"2257",1217,1234,1220
"2258",1080,1219,1215
"2259",1219,1079,1221
"2260",1213,1214,1220
"2261",1343,1214,1211
"2262",1226,1224,1079
"2263",1232,1223,1225
"2264",1239,1050,1244
"2265",1346,1240,1231
"2266",1233,1223,1232
"2267",1233,1246,1223
"2268",1079,1342,1226
"2269",1231,1227,1230
"2270",1224,1230,1221
"2271",1225,1223,1228
"2272",1226,1210,1229
"2273",1222,1224,1226
"2274",1233,1232,1227
"2275",1227,1232,1221
"2276",1246,1248,1223
"2277",1213,1228,1347
"2278",1235,1229,1210
"2279",1238,1229,1045
"2280",1231,1230,1222
"2281",1221,1230,1227
"2282",1222,1242,1231
"2283",48,1245,1242
"2284",1221,1232,1225
"2285",1227,1240,1233
"2286",1254,50,196
"2287",1247,1243,1246
"2288",1225,1234,1217
"2289",1213,1234,1228
"2290",1236,1235,1210
"2291",1235,1036,1571
"2292",1237,1236,1210
"2293",1036,1236,1039
"2294",1237,1210,1342
"2295",1078,901,1344
"2296",1238,1045,1042
"2297",1239,1238,1050
"2298",1244,48,1242
"2299",1226,1239,1222
"2300",1233,1240,50
"2301",1227,1231,1240
"2302",1244,1222,1239
"2303",1242,1245,1346
"2304",48,49,1245
"2305",1249,1577,1578
"2306",1250,1248,1243
"2307",1244,1050,1183
"2308",1222,1244,1242
"2309",1345,1241,1245
"2310",1346,1245,1241
"2311",1247,1246,1233
"2312",1248,1246,1243
"2313",1233,50,1254
"2314",1247,168,1576
"2315",1578,1577,1253
"2316",1348,1248,1580
"2317",1579,1252,1580
"2318",1577,1249,1579
"2319",1243,1247,1576
"2320",1253,1577,1250
"2321",53,1519,1351
"2322",1253,1243,1576
"2323",1580,1248,1250
"2324",1243,1253,1250
"2325",1578,1251,52
"2326",196,1247,1254
"2327",1233,1254,1247
"2328",1256,913,1214
"2329",1083,1084,1255
"2330",1511,1468,1214
"2331",1524,1525,1519
"2332",1257,1083,1258
"2333",1089,1084,1257
"2334",1353,1354,1355
"2335",1354,1356,1352
"2336",1361,1259,662
"2337",1356,1259,1090
"2338",1090,1259,1361
"2339",1470,1260,1365
"2340",1262,1092,1359
"2341",1366,1367,1262
"2342",1096,1261,1262
"2343",1129,1263,943
"2344",1101,1263,1099
"2345",1103,1264,1107
"2346",1278,1264,956
"2347",1370,1372,1265
"2348",1113,1268,1111
"2349",1286,1285,1515
"2350",1314,1581,1016
"2351",1112,1109,1308
"2352",1377,338,903
"2353",1373,1105,1368
"2354",1268,1105,1373
"2355",959,775,1269
"2356",776,1269,775
"2357",774,1270,776
"2358",1382,105,1271
"2359",1120,1124,1272
"2360",1271,1381,1382
"2361",1273,1272,1124
"2362",1273,1383,1274
"2363",1275,1149,815
"2364",1127,1122,1384
"2365",1388,1389,1274
"2366",1272,1273,1275
"2367",1149,1275,1273
"2368",1272,1276,1120
"2369",813,1276,975
"2370",972,1277,813
"2371",1574,1277,808
"2372",1280,1278,956
"2373",1278,1130,1393
"2374",1279,1278,1393
"2375",1279,1370,1369
"2376",1281,1280,948
"2377",1278,1280,1130
"2378",953,1281,948
"2379",960,1130,1281
"2380",1390,1282,960
"2381",1282,936,1471
"2382",582,1283,583
"2383",1131,1283,313
"2384",1283,1284,583
"2385",1287,1286,1284
"2386",1332,1334,1134
"2387",1137,1331,1292
"2388",1515,1498,1514
"2389",904,1076,1286
"2390",1394,1133,962
"2391",1285,1286,1287
"2392",1394,1287,1133
"2393",1288,1394,1289
"2394",962,963,1289
"2395",1290,963,791
"2396",1134,1289,1290
"2397",963,1290,1289
"2398",964,1292,1291
"2399",1292,1331,1333
"2400",964,796,1395
"2401",1330,1137,1328
"2402",1294,1293,717
"2403",1143,1293,1145
"2404",1185,1294,717
"2405",792,1294,799
"2406",112,1295,977
"2407",1148,1295,816
"2408",1154,1297,1157
"2409",1476,1159,1297
"2410",108,1297,1159
"2411",831,1298,994
"2412",1299,1298,1000
"2413",652,1299,1000
"2414",1001,1505,1300
"2415",1399,830,991
"2416",1164,1298,1300
"2417",1424,1427,1439
"2418",1196,1583,1429
"2419",1442,1509,1467
"2420",1326,1413,1325
"2421",1172,1303,122
"2422",1170,1303,1003
"2423",1304,141,153
"2424",1307,1306,842
"2425",1305,1304,1402
"2426",183,1550,1402
"2427",1312,1306,1176
"2428",1019,1307,842
"2429",1309,1307,838
"2430",1176,1307,1309
"2431",1112,1308,1310
"2432",1567,1309,1565
"2433",1310,1267,1376
"2434",1309,1403,1308
"2435",1310,1308,1403
"2436",1565,1309,838
"2437",1377,1378,1379
"2438",1109,1113,1315
"2439",1306,1312,1021
"2440",1021,1312,1313
"2441",1315,1313,1312
"2442",1582,1581,1314
"2443",1314,1016,1175
"2444",1109,1315,1312
"2445",1113,1111,1404
"2446",1266,1404,1406
"2447",1455,1459,1448
"2448",1017,1317,1023
"2449",1581,1317,1016
"2450",1007,1318,464
"2451",1023,1318,1015
"2452",1319,1022,1506
"2453",1320,1319,1167
"2454",1318,1320,464
"2455",1320,1178,1319
"2456",1416,1421,1321
"2457",1321,1421,1426
"2458",1410,1322,1061
"2459",1322,1062,1493
"2460",1456,1186,1455
"2461",1189,1323,1187
"2462",1421,1427,1426
"2463",1137,1326,1328
"2464",1456,1323,1186
"2465",1326,1325,1324
"2466",1461,1328,1326
"2467",1396,1413,1137
"2468",1426,1436,1321
"2469",1582,1406,1407
"2470",1461,1326,1324
"2471",1327,1499,1330
"2472",1462,1464,1327
"2473",1332,1134,1333
"2474",1327,1330,1328
"2475",1330,1329,1331
"2476",1332,1331,1329
"2477",1291,1333,1134
"2478",1496,1332,1329
"2479",1288,1334,1285
"2480",1292,1333,1291
"2481",1332,1333,1331
"2482",1134,1334,1288
"2483",1498,1332,1496
"2484",1335,868,1200
"2485",1337,1335,1192
"2486",1337,1420,1338
"2487",1415,871,1065
"2488",1337,1192,1420
"2489",1065,1337,1336
"2490",1432,1339,1428
"2491",1336,1338,1421
"2492",1437,1301,1434
"2493",1422,1425,1432
"2494",1340,1196,1197
"2495",1204,1340,1206
"2496",1208,1341,932
"2497",1374,1341,1209
"2498",1237,1342,1080
"2499",1226,1342,1210
"2500",1081,1343,1211
"2501",1220,1214,1343
"2502",1236,1344,1039
"2503",1078,1344,1237
"2504",1346,1241,50
"2505",1245,49,1345
"2506",1242,1346,1231
"2507",1348,1228,1248
"2508",1532,53,54
"2509",1252,1347,1348
"2510",1228,1348,1347
"2511",1351,1519,1349
"2512",1468,1256,1214
"2513",1580,1577,1579
"2514",1349,1468,1511
"2515",1349,1350,1351
"2516",1252,1351,1350
"2517",1358,1352,919
"2518",1258,1354,1352
"2519",1469,1258,1083
"2520",56,1521,55
"2521",1354,1258,1469
"2522",1356,1354,1353
"2523",1083,1255,1527
"2524",1523,1529,1520
"2525",1356,1353,1357
"2526",1356,667,1259
"2527",1353,1523,1520
"2528",1353,1520,1357
"2529",1257,1358,1089
"2530",1352,1358,1258
"2531",1094,1359,1092
"2532",1360,1359,919
"2533",1361,1360,1090
"2534",1359,1360,1260
"2535",662,1362,1361
"2536",1260,1361,1365
"2537",1363,1362,662
"2538",1096,1262,1470
"2539",661,1363,662
"2540",1363,125,469
"2541",1362,1365,1361
"2542",1362,61,1364
"2543",1364,1096,1470
"2544",62,1366,1261
"2545",1367,1366,920
"2546",1095,1367,920
"2547",1092,1262,1367
"2548",1279,1368,1108
"2549",1368,1265,1373
"2550",1471,1279,1393
"2551",1265,1368,1369
"2552",1371,936,938
"2553",1371,1372,1370
"2554",1372,1371,930
"2555",936,1371,1370
"2556",1374,930,1341
"2557",1372,930,1374
"2558",1372,1375,1265
"2559",1268,1373,1488
"2560",904,1472,1209
"2561",1513,1265,1375
"2562",1374,1472,1375
"2563",1473,1472,904
"2564",1310,1376,1112
"2565",1104,1376,1267
"2566",1267,1378,1377
"2567",1567,1379,1311
"2568",1310,1378,1267
"2569",1379,1378,1311
"2570",1474,1379,1567
"2571",402,351,1475
"2572",1110,1380,1113
"2573",1105,1268,1380
"2574",1384,1381,106
"2575",1382,1381,1122
"2576",1126,1382,1122
"2577",1270,1382,1121
"2578",1117,1383,1124
"2579",1384,1383,1127
"2580",1387,1384,106
"2581",1388,1274,1384
"2582",1479,107,1296
"2583",1398,1512,1397
"2584",1387,1398,1386
"2585",1477,1154,1155
"2586",1387,1388,1384
"2587",106,1385,1478
"2588",1389,1386,1476
"2589",1389,1388,1386
"2590",1273,1389,1149
"2591",960,957,1391
"2592",1392,1390,939
"2593",1391,1115,943
"2594",960,1391,1390
"2595",940,1392,939
"2596",1282,1392,936
"2597",1130,1282,1393
"2598",1393,1282,1471
"2599",1289,1394,962
"2600",1287,1394,1288
"2601",796,1190,1395
"2602",1396,1395,1190
"2603",1396,1190,1413
"2604",1137,1292,1396
"2605",1398,1397,1159
"2606",1296,108,1397
"2607",1398,1159,1476
"2608",1478,1398,1387
"2609",1162,1399,991
"2610",1164,1300,1399
"2611",1169,1400,999
"2612",1450,1400,1301
"2613",1168,1401,1169
"2614",1319,1401,1167
"2615",183,1402,1304
"2616",65,1171,1402
"2617",1567,1403,1309
"2618",1378,1403,1311
"2619",1484,1483,1486
"2620",1313,1404,1266
"2621",1481,1486,1487
"2622",1409,1407,1480
"2623",1484,1404,1111
"2624",1407,1406,1405
"2625",1482,1481,1485
"2626",1407,1316,1582
"2627",1447,1454,1430
"2628",1316,1407,1409
"2629",1466,1467,1408
"2630",1509,1409,1467
"2631",1059,1410,1061
"2632",1062,1410,1056
"2633",1202,1503,1069
"2634",1321,1448,1417
"2635",1493,1412,1322
"2636",1459,1412,1411
"2637",1325,1413,1187
"2638",1413,1326,1137
"2639",1464,1497,1499
"2640",1481,1482,1486
"2641",1336,1416,1415
"2642",1417,1418,1416
"2643",1421,1416,1336
"2644",1417,1416,1321
"2645",1436,1448,1321
"2646",1418,871,1415
"2647",1411,1495,1417
"2648",1493,1062,1494
"2649",1419,1495,1494
"2650",1504,1062,1058
"2651",1195,1420,1192
"2652",1425,1420,1199
"2653",1425,1199,1429
"2654",1338,1423,1421
"2655",1438,1431,1435
"2656",1435,1439,1427
"2657",1338,1420,1425
"2658",1427,1423,1422
"2659",1422,1432,1433
"2660",1457,1458,1324
"2661",1422,1423,1425
"2662",1425,1423,1338
"2663",1427,1421,1423
"2664",1447,1436,1426
"2665",1435,1422,1433
"2666",1426,1427,1424
"2667",1449,1437,1428
"2668",1438,1433,1434
"2669",1196,1429,1199
"2670",1339,1425,1429
"2671",1439,1445,1424
"2672",1324,1325,1456
"2673",1446,1442,1444
"2674",1408,1467,1409
"2675",1339,1432,1425
"2676",1433,1432,1428
"2677",1434,1433,1428
"2678",1433,1438,1435
"2679",1437,1434,1428
"2680",1452,1451,1169
"2681",1435,1431,1439
"2682",1427,1422,1435
"2683",1447,1426,1424
"2684",1436,1430,1448
"2685",1449,1428,1339
"2686",1437,1001,1450
"2687",1451,1434,1301
"2688",1452,1446,1451
"2689",1444,1441,1431
"2690",1441,1439,1431
"2691",1489,1482,1485
"2692",1443,1445,1441
"2693",1444,1431,1446
"2694",1441,1440,1443
"2695",1507,1022,1177
"2696",1444,1510,1441
"2697",1465,1466,1460
"2698",1436,1447,1430
"2699",1446,1431,1438
"2700",1442,1467,1510
"2701",1441,1445,1439
"2702",1447,1445,1443
"2703",1451,1446,1438
"2704",1452,1169,1302
"2705",1445,1447,1424
"2706",1454,1447,1443
"2707",1455,1448,1430
"2708",1411,1417,1448
"2709",1583,1449,1339
"2710",1505,1449,830
"2711",1299,1450,1001
"2712",1450,652,1400
"2713",1434,1451,1438
"2714",1301,1169,1451
"2715",1302,1319,1506
"2716",1442,1446,1452
"2717",1507,1177,1508
"2718",1442,1452,1453
"2719",1463,1465,1460
"2720",1454,1458,1457
"2721",1454,1457,1430
"2722",1459,1455,1186
"2723",1456,1325,1323
"2724",1457,1455,1430
"2725",1324,1456,1457
"2726",1457,1456,1455
"2727",1462,1463,1460
"2728",1327,1328,1461
"2729",1412,1459,1186
"2730",1448,1459,1411
"2731",1327,1458,1462
"2732",1462,1458,1463
"2733",1324,1458,1461
"2734",1327,1461,1458
"2735",1463,1458,1454
"2736",1464,1462,1460
"2737",1454,1443,1463
"2738",1465,1463,1443
"2739",1490,1489,1485
"2740",1497,1496,1329
"2741",1443,1440,1465
"2742",1465,1440,1466
"2743",1467,1466,1440
"2744",1466,1408,1490
"2745",1510,1467,1440
"2746",1509,1442,1453
"2747",1511,1214,1213
"2748",1528,1468,1349
"2749",1469,1083,1527
"2750",1354,1469,1355
"2751",1260,1470,1262
"2752",1364,1470,1365
"2753",936,1370,1471
"2754",1471,1370,1279
"2755",1209,1472,1374
"2756",904,1514,1473
"2757",1497,1501,1414
"2758",1473,1487,1491
"2759",383,1474,367
"2760",1475,1474,402
"2761",1377,1475,338
"2762",1475,1379,1474
"2763",1389,1476,1154
"2764",1398,1476,1386
"2765",1149,1389,1477
"2766",1154,1477,1389
"2767",106,1478,1387
"2768",1479,1478,1385
"2769",107,1479,1385
"2770",1512,1296,1397
"2771",1480,1405,1482
"2772",1408,1409,1480
"2773",1405,1484,1486
"2774",1497,1500,1501
"2775",1406,1484,1405
"2776",1500,1485,1481
"2777",1488,1111,1268
"2778",1513,1491,1492
"2779",1404,1484,1406
"2780",1111,1483,1484
"2781",1490,1464,1460
"2782",1480,1489,1408
"2783",1405,1486,1482
"2784",1486,1483,1487
"2785",1483,1488,1492
"2786",1472,1491,1375
"2787",1513,1492,1488
"2788",1111,1488,1483
"2789",1482,1489,1480
"2790",1485,1464,1490
"2791",1466,1490,1460
"2792",1408,1489,1490
"2793",1473,1491,1472
"2794",1492,1491,1487
"2795",1483,1492,1487
"2796",1488,1373,1513
"2797",1062,1504,1494
"2798",1412,1493,1411
"2799",1495,1419,1418
"2800",1411,1493,1494
"2801",1417,1495,1418
"2802",1411,1494,1495
"2803",1329,1499,1497
"2804",1498,1496,1414
"2805",1500,1497,1464
"2806",1414,1496,1497
"2807",1414,1473,1514
"2808",1334,1498,1285
"2809",1330,1499,1329
"2810",1464,1499,1327
"2811",1485,1500,1464
"2812",1500,1481,1501
"2813",1516,1481,1487
"2814",1414,1501,1516
"2815",874,1502,1068
"2816",871,1419,1502
"2817",1068,1502,1503
"2818",1069,1503,1502
"2819",1069,1419,1504
"2820",1504,1419,1494
"2821",1300,1505,830
"2822",1437,1505,1001
"2823",1507,1506,1022
"2824",1452,1506,1453
"2825",1177,1581,1508
"2826",1506,1507,1453
"2827",1409,1508,1316
"2828",1453,1507,1508
"2829",1453,1508,1509
"2830",1409,1509,1508
"2831",1441,1510,1440
"2832",1442,1510,1444
"2833",1347,1511,1213
"2834",1349,1511,1350
"2835",1478,1512,1398
"2836",1296,1512,1479
"2837",1265,1513,1373
"2838",1491,1513,1375
"2839",1515,904,1286
"2840",1414,1514,1498
"2841",1498,1515,1285
"2842",904,1515,1514
"2843",1414,1516,1473
"2844",1481,1516,1501
"2845",206,178,1518
"2846",77,127,1518
"2847",1517,1518,127
"2848",1519,1525,1528
"2849",1523,1353,1355
"2850",1357,1521,664
"2851",132,55,1521
"2852",132,1521,1522
"2853",1357,1522,1521
"2854",1355,1524,1523
"2855",1524,1519,1531
"2856",1525,1524,1355
"2857",53,1532,1519
"2858",1355,1469,1527
"2859",1256,1468,1528
"2860",1529,1524,1531
"2861",129,1520,1529
"2862",1256,1525,1527
"2863",1527,1525,1355
"2864",1519,1528,1349
"2865",1256,1528,1525
"2866",1524,1529,1523
"2867",1530,1531,1526
"2868",1531,1519,1532
"2869",1526,129,1530
"2870",1529,1531,1530
"2871",54,1526,1532
"2872",1531,1532,1526
"2873",1537,1535,34
"2874",142,86,1533
"2875",34,1535,1534
"2876",1536,156,32
"2877",33,1534,1536
"2878",1535,1536,1534
"2879",197,1540,34
"2880",477,479,1539
"2881",169,36,1542
"2882",1537,1538,1584
"2883",165,1539,479
"2884",156,1537,1539
"2885",169,1538,1540
"2886",34,1540,1538
"2887",36,1541,1542
"2888",1542,1538,169
"2889",1538,1542,1541
"2890",1544,1543,187
"2891",30,157,1544
"2892",1543,1544,157
"2893",84,85,1545
"2894",167,1545,85
"2895",432,1546,444
"2896",438,1546,440
"2897",505,1547,504
"2898",210,550,1549
"2899",305,1548,549
"2900",549,1548,1549
"2901",1549,1548,210
"2902",214,1550,183
"2903",374,1550,592
"2904",492,1551,554
"2905",341,1551,701
"2906",1552,546,557
"2907",1202,1552,720
"2908",1556,1553,63
"2909",1553,1556,1559
"2910",763,1554,765
"2911",1555,1554,766
"2912",63,1553,1555
"2913",1555,1553,1554
"2914",343,825,361
"2915",1563,824,1562
"2916",1556,1562,1557
"2917",1558,1557,619
"2918",821,1558,619
"2919",1558,823,1559
"2920",985,1559,823
"2921",1554,1559,765
"2922",1557,1562,1564
"2923",1561,408,361
"2924",824,1561,1562
"2925",1564,1562,1561
"2926",361,1564,1561
"2927",1556,1563,1562
"2928",1557,1564,825
"2929",1566,404,818
"2930",1567,1565,367
"2931",367,1565,1566
"2932",404,1566,1565
"2933",1567,367,1474
"2934",1567,1311,1403
"2935",1064,1568,866
"2936",1568,883,899
"2937",44,1570,1179
"2938",1570,1038,1180
"2939",1569,1038,1570
"2940",1040,1571,1036
"2941",1043,1571,1041
"2942",559,1572,535
"2943",1060,1572,1058
"2944",1202,1573,559
"2945",1504,1573,1069
"2946",1574,808,1098
"2947",1099,1128,1574
"2948",1066,1575,1198
"2949",898,1575,1201
"2950",168,1251,1576
"2951",1253,1576,1251
"2952",1251,1578,1253
"2953",1579,1351,1252
"2954",1249,1578,52
"2955",1249,53,1579
"2956",1351,1579,53
"2957",1348,1580,1252
"2958",1250,1577,1580
"2959",1581,1177,1317
"2960",1582,1314,1266
"2961",1582,1266,1406
"2962",1316,1581,1582
"2963",1583,1196,1340
"2964",1449,1583,830
"2965",1537,1584,477
"2966",1541,1584,1538
"2967",1589,1586,5
"2968",634,1585,246
"2969",1587,1588,3
"2970",1587,1590,1588
"2971",850,1588,269
"2972",240,1589,5
"2973",269,1588,1589
"2974",378,1591,362
"2975",1587,4,1590
"2976",599,1591,379
