"","V1"
"1",0.0808163606974136
"2",0.128244980819926
"3",0.196798566050638
"4",0.316741898324985
"5",0.0647971855708368
"6",0.460889954816457
"7",0.334301665804763
"8",0.0946277100368878
"9",0.0683779733907211
"10",0.186922622257287
"11",0.223179076377582
"12",0.511003870489377
"13",0.425566803675071
"14",0.0472487645748323
"15",0.0338144223831239
"16",0.0303209968207039
"17",0.0593339637552194
"18",0.0406845446677231
"19",0.0289950170439919
"20",0.048644043599234
"21",0.25240628777197
"22",0.448747994229896
"23",0.47320361007702
"24",0.0363788279056348
"25",0.027118959984024
"26",0.0251802829014879
"27",0.047894532157904
"28",0.100530211583099
"29",0.142581022182474
"30",0.0245159030085253
"31",0.034387301061389
"32",0.0434616824300508
"33",0.060573544925255
"34",0.155032655156358
"35",0.206872703893017
"36",0.287089643434494
"37",0.391312817205655
"38",0.291369976778897
"39",0.280577703225258
"40",0.0308897510762209
"41",0.0300865892640725
"42",0.0254712489221354
"43",0.0812943227915003
"44",0.0641721052793438
"45",0.0492403293910577
"46",0.0524094170681861
"47",0.0486738996152388
"48",0.192815432184107
"49",0.258389638617519
"50",0.025695891156674
"51",0.0444872509519944
"52",0.0677551012748147
"53",0.263182886723837
"54",0.15159642585189
"55",0.211287298611374
"56",0.222410731729756
"57",0.188666464309085
"58",0.0360975356624404
"59",0.0356778483391567
"60",0.0346505500931639
"61",0.105497101604299
"62",0.0521203536285176
"63",0.0691677768588362
"64",0.0859775486914451
"65",0.0580333941612077
"66",0.0576611322236931
"67",0.0601270310532827
"68",0.262216620814593
"69",0.218422445630222
"70",0.181626273049425
"71",0.0266231011394481
"72",0.0297690461467501
"73",0.0292985582634675
"74",0.0368011625896325
"75",0.16936746368878
"76",0.0815538675716781
"77",0.128306934261857
"78",0.144653801534306
"79",0.110837261079624
"80",0.168319046619648
"81",0.171900421711481
"82",0.112501930856057
"83",0.0443578573192645
"84",0.0442401745466872
"85",0.0323812415484705
"86",0.0644286101056201
"87",0.0280058514950151
"88",0.0284827094722931
"89",0.0308222367409868
"90",0.07800067793473
"91",0.0614277558233077
"92",0.110599404331103
"93",0.153135222429808
"94",0.058610319601502
"95",0.0922611415755083
"96",0.073197213707938
"97",0.0622322306460583
"98",0.393411261822529
"99",0.364887370759865
"100",0.280475983287172
"101",0.278236140687444
"102",0.193770004798598
"103",0.491904225597543
"104",0.0305976086184312
"105",0.0329150658741064
"106",0.0515366166777894
"107",0.0846370496934023
"108",0.0414386049508239
"109",0.0670159576087663
"110",0.0523441422742102
"111",0.0601243480568892
"112",0.0754253044559638
"113",0.0630575380606713
"114",0.125814998073439
"115",0.0406475982744738
"116",0.0622212359697468
"117",0.0373840086065425
"118",0.0865540451549661
"119",0.0295389298835631
"120",0.032364498216869
"121",0.0307525964658796
"122",0.0362702164309014
"123",0.0330110760741994
"124",0.0635886292358453
"125",0.0746656205325194
"126",0.105781958068831
"127",0.120620545571985
"128",0.162679107144779
"129",0.247687849161024
"130",0.0913694308329433
"131",0.597478936118122
"132",0.450545962382013
"133",0.204763115000191
"134",0.151342213801729
"135",0.750341556857327
"136",0.034184396473961
"137",0.0389427480397015
"138",0.0391442300798693
"139",0.0427832987102658
"140",0.0512620275243191
"141",0.043849449450208
"142",0.0412449931807393
"143",0.0399110641893896
"144",0.0596879101745951
"145",0.0467724730937124
"146",0.0709576071557566
"147",0.0334300634862102
"148",0.0439416276425959
"149",0.0509234526690933
"150",0.0705417607178571
"151",0.0623267219562193
"152",0.100225308671567
"153",0.118891254125738
"154",0.429532939211187
"155",0.0320234407938909
"156",0.0322153590290744
"157",0.0433120989940655
"158",0.0404273418107692
"159",0.0370974413085862
"160",0.0336951139410616
"161",0.0633559010370202
"162",0.262560913428838
"163",0.332626600917207
"164",0.411205384087801
"165",0.118226176129808
"166",0.0644201099111148
"167",0.0856835834761679
"168",0.0724840033649921
"169",0.331410644527484
"170",0.574111382600422
"171",0.176146149269999
"172",0.953173839925498
"173",0.0378815630377083
"174",0.0403123195959562
"175",0.0402701570175768
"176",0.045988127159838
"177",0.0448002980433394
"178",0.0388612912864117
"179",0.0351056086308354
"180",0.0379264690848196
"181",0.0384227296141745
"182",0.0315309013217474
"183",0.0671353327820066
"184",0.0324625584439519
"185",0.0434689625355059
"186",0.0478434944821567
"187",0.0327372306604932
"188",0.0351315215462811
"189",0.0529364914727528
"190",0.0635265931364016
"191",0.0747850839615967
"192",0.143157524332037
"193",0.0476437882706633
"194",0.251424800580529
"195",0.197783320654094
"196",0.537723932543629
"197",0.399908595613813
"198",0.0480545510495328
"199",0.0441698053306474
"200",0.0353394716634962
"201",0.0332595186931902
"202",0.0401472296056872
"203",0.121502901713294
"204",0.058193112655749
"205",0.0618115007223554
"206",0.0752899420977749
"207",0.0579217968228849
"208",0.101093653272934
"209",0.20855223678207
"210",0.272680612635408
"211",0.735757802913757
"212",0.676275938014849
"213",0.0613737358751554
"214",0.10559327566091
"215",0.0804528521745258
"216",0.0897291313668544
"217",0.830502603244748
"218",0.330288544302377
"219",0.133694915722658
"220",0.170137241330416
"221",0.245852829453642
"222",0.131691815531829
"223",0.675900821889735
"224",1.24038937926983
"225",0.0478710614848203
"226",0.0388704776442212
"227",0.0441235080787328
"228",0.0515139887145181
"229",0.0505292402268739
"230",0.0539319012901594
"231",0.032968686030925
"232",0.0351698239038879
"233",0.0324814435484624
"234",0.0290461986892907
"235",0.0257951598547958
"236",0.100226058350123
"237",0.0345425429960758
"238",0.0361316149405533
"239",0.0379552926897774
"240",0.0456881915686518
"241",0.0782466175397557
"242",0.138310291895709
"243",0.239674788217104
"244",0.0583424435288613
"245",0.346129372939576
"246",0.48619233686923
"247",0.431489226457891
"248",0.0442862874574883
"249",0.0489990435892993
"250",0.0436885244805145
"251",0.0407595465207828
"252",0.0450142754858871
"253",0.0412002277152228
"254",0.047130991373229
"255",0.0585649692246347
"256",0.0624497919292035
"257",0.0754792183810522
"258",0.0580634099779685
"259",0.0569802061992938
"260",0.737931187772548
"261",0.492202027073625
"262",0.947926997137358
"263",1.01238786239565
"264",0.261026418689184
"265",0.0693969411988223
"266",0.0816422795542704
"267",0.0639272116132164
"268",0.198816361472752
"269",0.121162134444727
"270",0.686403066253654
"271",0.901419030844486
"272",0.304640580529561
"273",0.532035824418785
"274",0.397242228910807
"275",0.220076506299295
"276",0.112099849738057
"277",0.176310456349719
"278",0.172537152050532
"279",0.687473717138885
"280",1.48326508461602
"281",0.03182258702749
"282",0.041247957085892
"283",0.0512312776639589
"284",0.0521875497745217
"285",0.0549796751267905
"286",0.057103331636721
"287",0.0574457414200337
"288",0.0238324920112411
"289",0.0285645698606574
"290",0.0250225249256056
"291",0.0231841094687374
"292",0.0182884777893914
"293",0.0218831039837083
"294",0.0432360048266504
"295",0.045102086334068
"296",0.0623896399580831
"297",0.136513836501081
"298",0.0855020088181527
"299",0.0681641309760745
"300",0.0870892231918089
"301",0.257781435575845
"302",0.635708311242114
"303",0.0508262569500239
"304",0.0476041376034117
"305",0.050417292307907
"306",0.0476990538225248
"307",0.0419273829873171
"308",0.054900310915751
"309",0.056479506243369
"310",0.0960743292064863
"311",0.0548046995312732
"312",0.0654160728342214
"313",0.0800007320869229
"314",0.0592490942941149
"315",0.0548788636256297
"316",0.0731308285684033
"317",0.952797058653989
"318",1.2170391369004
"319",0.360888557262695
"320",0.401986360328834
"321",0.597924734601967
"322",1.44306763840785
"323",1.77697167101865
"324",1.83279252884673
"325",1.35082684573943
"326",0.310330634636711
"327",0.0606231294135011
"328",0.199229649822984
"329",0.0694321788051754
"330",0.333215195036302
"331",1.25139040909145
"332",1.00391788952968
"333",0.748562339973194
"334",0.54788633146719
"335",0.31021132334231
"336",0.398210792353676
"337",0.228029791026042
"338",0.0397914024587504
"339",0.126451951413938
"340",0.178119619053731
"341",0.152072923530396
"342",0.135237665280993
"343",0.669762382874586
"344",0.876190318954497
"345",1.30843719240521
"346",0.846685492696995
"347",0.687891744300271
"348",0.0366525819845882
"349",0.0445829994835929
"350",0.0464550099704159
"351",0.0504205174244043
"352",0.0553527159734671
"353",0.0586215451748277
"354",0.0583050036947465
"355",0.0567538950038024
"356",0.0192784568368887
"357",0.025789376607387
"358",0.0165531896872169
"359",0.0142772151558224
"360",0.0158517358140304
"361",0.0238082740038861
"362",0.03086265399364
"363",0.0483424281008567
"364",0.0554502081884339
"365",0.0684157079075895
"366",0.10938293168625
"367",0.199302885708384
"368",0.105559393520579
"369",0.0991943192918613
"370",0.142100761844545
"371",0.450126861895598
"372",0.697261502078764
"373",0.0529979358754025
"374",0.0560801723801575
"375",0.0807197661011988
"376",0.0602357372782703
"377",0.0676751098638328
"378",0.0621406362934458
"379",0.0778556525023976
"380",0.0870261572587261
"381",0.0575919481323754
"382",0.067858854035126
"383",0.075023769978597
"384",0.0597951256096852
"385",0.0954252340481778
"386",0.0998467182786875
"387",0.0545464305518675
"388",0.0557815654577796
"389",1.01484073585814
"390",1.48482685823449
"391",1.77076431396914
"392",0.538717638560853
"393",0.84651666873034
"394",2.13079404015075
"395",2.35282141043426
"396",2.52203006584229
"397",2.1089569371926
"398",1.4274763639457
"399",0.111554147643585
"400",0.281443940895562
"401",0.103919620353581
"402",0.0857189129547234
"403",0.0627623799932477
"404",0.488387620361422
"405",0.421296365325038
"406",0.107743470980735
"407",0.363714819336012
"408",0.777488933738768
"409",0.234859975761799
"410",0.202566698614567
"411",0.168965503405651
"412",0.128647217911894
"413",0.171409357923938
"414",0.176591087732321
"415",0.575048693049639
"416",0.776608494147183
"417",0.761998184407676
"418",0.0544520426207612
"419",0.0314048603076622
"420",0.0404653467832231
"421",0.0494661621484215
"422",0.054985821922077
"423",0.0316731348743573
"424",0.0576998669291519
"425",0.0587276438392623
"426",0.0248537743686933
"427",0.0134528414705834
"428",0.0125257872005375
"429",0.0356725251439172
"430",0.018457749075171
"431",0.0480044537957405
"432",0.0170423423241397
"433",0.105910760938068
"434",0.0799316919822327
"435",0.13480394251202
"436",0.169685229117402
"437",0.289182287866687
"438",0.471463424655227
"439",0.127952210851422
"440",0.147871770268033
"441",0.752759113029952
"442",1.22602009377586
"443",0.0552377593569205
"444",0.0584490233829753
"445",0.0687833404869281
"446",0.10266288842299
"447",0.0577771832106269
"448",0.0785716333985696
"449",0.0652956884684375
"450",0.0848861886663993
"451",0.0987932092220591
"452",0.0529897976511942
"453",1.88997941584368
"454",0.707174647084219
"455",1.00165170212945
"456",2.13485836372991
"457",2.48845542177736
"458",2.99469658933544
"459",2.82103250221345
"460",2.51251046651187
"461",1.77845274316024
"462",0.180399241250055
"463",0.242997903534603
"464",0.144089651075248
"465",0.0850600019917593
"466",0.429796604505055
"467",0.120679601444503
"468",0.150362564091014
"469",0.148166984246517
"470",0.304423400015234
"471",0.361530773515698
"472",0.211662304217252
"473",0.158894600282964
"474",0.170560424986874
"475",0.173407694952784
"476",0.193922304382429
"477",0.45353578910076
"478",0.391293128324314
"479",0.601510213308659
"480",0.532660135008634
"481",0.0531932527807522
"482",0.0546610243859423
"483",0.048161478473204
"484",0.0291933146724751
"485",0.0571124135687855
"486",0.0566463565948324
"487",0.0496561558575021
"488",0.0136357769362969
"489",0.0155942911183769
"490",0.0189982685547938
"491",0.012502545114889
"492",0.0124509766170808
"493",0.0174734895439869
"494",0.0120916662561379
"495",0.0115680801372529
"496",0.0141636021380093
"497",0.0261693820482181
"498",0.0233511303959366
"499",0.0504339039000798
"500",0.0351128167501341
"501",0.179072401604874
"502",0.249614969138431
"503",0.424080342337873
"504",0.159020819681182
"505",0.995114409087738
"506",1.4830179074052
"507",1.2133331037529
"508",0.0550638830237774
"509",0.163386560590429
"510",0.115030000813339
"511",0.150874347742116
"512",0.137311756596098
"513",0.10908069882289
"514",0.0502739402889908
"515",0.0708917453494175
"516",0.0769077913802884
"517",0.0655196370018875
"518",0.0826685412010951
"519",0.108709473974599
"520",0.0541551611815367
"521",0.0599633741303911
"522",1.76153176966539
"523",1.83531700689515
"524",1.23715022559115
"525",0.73525184524424
"526",1.98218567396761
"527",2.29204096888684
"528",2.46496951375686
"529",2.03963979147048
"530",2.59420682287039
"531",1.97355402861271
"532",0.251182212419312
"533",0.13123892676863
"534",0.297091788474824
"535",0.0471417328261454
"536",0.136822919759029
"537",0.11816936613233
"538",0.170341710314242
"539",0.181022387888832
"540",0.180883377057583
"541",0.164006550447506
"542",0.141139934603206
"543",0.19758642918008
"544",0.179173166420458
"545",0.20014127159985
"546",0.209159400976969
"547",0.282066071386245
"548",0.317411657360557
"549",0.416762745206479
"550",0.334994547274442
"551",0.0333902368991387
"552",0.0380308840838439
"553",0.0234137163273318
"554",0.0290962847270058
"555",0.0504611768457613
"556",0.054631451663555
"557",0.0433186955112503
"558",0.012524214690222
"559",0.0118475072381416
"560",0.0189656277343403
"561",0.0154753820794161
"562",0.0113858741620364
"563",0.0130265789656758
"564",0.0382851933892283
"565",0.0222476365109822
"566",0.0162215853262382
"567",0.171642536688412
"568",0.19342153710022
"569",0.232371963711963
"570",0.225610558357888
"571",0.209386188996959
"572",0.216129007839058
"573",0.345648845219952
"574",0.279648490228392
"575",0.270594995598991
"576",0.530884461391814
"577",0.752260749159291
"578",1.42446723537907
"579",0.0546810405717065
"580",0.0969090920247325
"581",0.0583296970460333
"582",0.0741572457507307
"583",0.212002943864578
"584",0.0489813664235592
"585",0.0668610351558288
"586",0.0906755616137538
"587",0.0524600812020198
"588",0.0591494508819362
"589",0.0473437763526393
"590",0.0423541597738634
"591",1.53512165814076
"592",1.60384698844059
"593",0.791000093708046
"594",1.58473152405748
"595",1.72854684372501
"596",1.28152551201587
"597",1.27752799179534
"598",0.182368395480671
"599",0.113048620505416
"600",0.0699079483614959
"601",0.509441585857665
"602",0.567868401494615
"603",0.0521225442518429
"604",0.152990550822359
"605",0.218018344774323
"606",0.115212741984633
"607",0.15181613654331
"608",0.112614445476305
"609",0.19258120373419
"610",0.215932992581891
"611",0.194714023422199
"612",0.2555287952225
"613",0.22999509563258
"614",0.146078336767686
"615",0.194552099728964
"616",0.197894040895519
"617",0.0488531284285741
"618",0.0506049791420985
"619",0.0493348760637418
"620",0.055800477307991
"621",0.022188395109054
"622",0.0285619299780842
"623",0.0466044523696005
"624",0.0338573334629859
"625",0.0134947750922724
"626",0.0115688412326865
"627",0.0163540915536255
"628",0.0138377505142657
"629",0.0114763179777534
"630",0.0114915935050501
"631",0.0459245129128351
"632",0.0169603004246027
"633",0.0141188667170148
"634",0.337416519462317
"635",0.304988268600011
"636",0.33135555852276
"637",0.284629170484264
"638",0.442538741237904
"639",0.335477231379395
"640",0.362150186815846
"641",0.388748248604481
"642",0.280603641903755
"643",0.478048763664466
"644",0.552437595133068
"645",0.820645237634424
"646",1.25184121542606
"647",0.973953440366429
"648",1.25905260721595
"649",0.0586761518612199
"650",0.0628712122268966
"651",0.122400536903773
"652",0.097969132883165
"653",0.154459767193532
"654",0.337174774711167
"655",0.272897566470557
"656",0.192988256515092
"657",0.18825901481531
"658",0.0429765532253691
"659",0.0760773918556357
"660",0.0589186028243388
"661",0.0716636755604521
"662",0.0988345063497717
"663",0.0912042162978962
"664",0.0724206386023518
"665",0.0446847995196084
"666",0.0388309434747335
"667",0.0335086385711197
"668",1.28229318175103
"669",0.845792139822192
"670",0.565483168986394
"671",1.40543606604358
"672",1.10331099753447
"673",1.53101486038182
"674",1.07470205252615
"675",0.951377293932018
"676",0.987553957395477
"677",0.0997239900194337
"678",0.18127614817272
"679",0.312351566797302
"680",0.345677512180072
"681",0.11190938664726
"682",0.0878235217733257
"683",0.118079725287955
"684",0.144557029967376
"685",0.163459740386047
"686",0.218351125696878
"687",0.179647689176911
"688",0.21926573679892
"689",0.199231371512695
"690",0.14489681649986
"691",0.100640107784011
"692",0.116158694073618
"693",0.041373551152962
"694",0.0489289216898176
"695",0.0179295760929651
"696",0.0399996081263405
"697",0.0383462430064264
"698",0.012023447822194
"699",0.0129736981243301
"700",0.0118755787267266
"701",0.012254849901621
"702",0.0332394332050428
"703",0.0330078823226222
"704",0.016003358809037
"705",0.423291127844609
"706",0.436392314063479
"707",0.467085395000898
"708",0.447971855863133
"709",0.557356665116571
"710",0.432207030402666
"711",0.451785997021048
"712",0.619208457651013
"713",0.788272502681886
"714",0.834210357209696
"715",0.805193048850447
"716",0.988015096227784
"717",0.907197355045828
"718",0.0688648382423274
"719",0.115421139944329
"720",0.0931400124576354
"721",0.0775593227795848
"722",0.148965948768281
"723",0.191351992345813
"724",0.425503841063224
"725",0.365182725707794
"726",0.214982067328614
"727",0.0327117045650547
"728",0.0548363021669305
"729",0.0640059685989207
"730",0.0593354829243597
"731",0.060877935766187
"732",0.083745638401979
"733",0.048707993890597
"734",0.0429651800992743
"735",0.0376664139679379
"736",0.0268887743899027
"737",0.779086066110287
"738",0.789554806402503
"739",0.335469906010425
"740",0.693802977303663
"741",0.72079920282566
"742",0.719368783843013
"743",0.0797983002929008
"744",0.227420991145143
"745",0.0338632971168368
"746",0.0405791446240427
"747",0.133501448215963
"748",0.161431093579366
"749",0.0989069085214729
"750",0.118769097868631
"751",0.0755646975195113
"752",0.0741555031640335
"753",0.119405085294005
"754",0.0900387513028341
"755",0.120571917221998
"756",0.161814349169114
"757",0.175820297643328
"758",0.186666906225334
"759",0.199226137573586
"760",0.115245273773275
"761",0.177002815516418
"762",0.117825650742256
"763",0.138804731996879
"764",0.0729407981664081
"765",0.0923828058578398
"766",0.0844422681911993
"767",0.0392799382255021
"768",0.0478887075572035
"769",0.0432635967867454
"770",0.0226987212486794
"771",0.0266870158180289
"772",0.0135928610652489
"773",0.0140647302314576
"774",0.0130426620098015
"775",0.0195467676338404
"776",0.0146366028402178
"777",0.0165119566895758
"778",0.0120444458272465
"779",0.0120181709566796
"780",0.0129879038888231
"781",0.0237332447877369
"782",0.0258441597494538
"783",0.0143566927895331
"784",0.0172944154601938
"785",0.0197461385793123
"786",0.56966415336058
"787",0.697435741070376
"788",0.488423729824465
"789",0.715813107923037
"790",0.533791532346627
"791",0.521783851475412
"792",0.611496845626554
"793",0.510466934424453
"794",0.635665953425999
"795",0.752002466716502
"796",0.691904810913911
"797",0.106496762460651
"798",0.128611625614151
"799",0.0909990381638995
"800",0.168774512659107
"801",0.182976142930711
"802",0.354309026743612
"803",0.299169432845463
"804",0.463460896036572
"805",0.252627685632875
"806",0.294767934921187
"807",0.0357329653018108
"808",0.0676931441930153
"809",0.0472520579349771
"810",0.0418746637103007
"811",0.0250030248450713
"812",0.0289306603098077
"813",0.644671549800749
"814",0.455615854182983
"815",0.601942760548664
"816",0.115939465747969
"817",0.0621032880105084
"818",0.180930850147995
"819",0.141517828236582
"820",0.107282140411511
"821",0.0597086789933502
"822",0.0689965151965284
"823",0.067342815105648
"824",0.08743589903702
"825",0.172519983405819
"826",0.146842587130404
"827",0.160336524270011
"828",0.149643573940097
"829",0.146660143216007
"830",0.0697306046111279
"831",0.0915050574821738
"832",0.0628983511882557
"833",0.0685896752895682
"834",0.064222329693353
"835",0.0726667555808772
"836",0.0352237883388367
"837",0.0326614091563247
"838",0.0361341161614108
"839",0.024616374830879
"840",0.0291547488212503
"841",0.0280323040342297
"842",0.0148173484001068
"843",0.0137149010562445
"844",0.0171173449786546
"845",0.021534634076786
"846",0.0170748897742012
"847",0.015813157790416
"848",0.0239272954892884
"849",0.0211909402377616
"850",0.781575429031118
"851",0.816679937397261
"852",0.812012553352704
"853",0.635470767068491
"854",0.857868337227463
"855",0.580429478881444
"856",0.720573614819711
"857",0.611003238413458
"858",0.633035498541269
"859",0.717613886839061
"860",0.873688337290622
"861",0.622773469534398
"862",0.7374070516696
"863",0.521864305496131
"864",0.593452860046793
"865",0.572240135908899
"866",0.0511725007900024
"867",0.0681529240811321
"868",0.0822549905694622
"869",0.103161979677632
"870",0.159062327461855
"871",0.212236635423581
"872",0.293334873361831
"873",0.0519546655202096
"874",0.0597625032971587
"875",0.072124166614779
"876",0.0831569313891535
"877",0.0240822747688493
"878",0.0342070082799189
"879",0.493911210306786
"880",0.422753355567703
"881",0.480540049240069
"882",0.460341698066914
"883",0.439270755736429
"884",0.348962319011965
"885",0.257877608007998
"886",0.069075358897852
"887",0.107667859297775
"888",0.041690259925722
"889",0.156121195460444
"890",0.102118845970015
"891",0.173666989513067
"892",0.0183287077176068
"893",0.0252184036531929
"894",0.139868582816828
"895",0.102859269038509
"896",0.119854604525773
"897",0.133902994447239
"898",0.125815881628076
"899",0.0551156023395349
"900",0.0515286305784027
"901",0.147980036530029
"902",0.138773468892102
"903",0.0986316728852524
"904",0.12508495977743
"905",0.117814071008972
"906",0.059595185859822
"907",0.0712333505139311
"908",0.0527593128764885
"909",0.0327295042537016
"910",0.034853780089844
"911",0.0380851661982832
"912",0.044609441354717
"913",0.0261532945429395
"914",0.0290760192166836
"915",0.0162976167815207
"916",0.0180248068296169
"917",0.0175511632422279
"918",0.0256341541751405
"919",0.0221269920647407
"920",0.0226253675073683
"921",0.029883755845239
"922",0.0238245125564309
"923",0.0208855357631736
"924",0.988611608132347
"925",0.813921334764725
"926",0.721941097558476
"927",0.583186270536171
"928",1.03567738709164
"929",0.582816130196898
"930",0.588180915538862
"931",0.608020287456391
"932",0.619293952111677
"933",0.755455932307119
"934",0.858704189300883
"935",0.576970060465793
"936",0.572530030011424
"937",0.55389695309341
"938",0.421486079269878
"939",0.309849277622711
"940",0.050857156031176
"941",0.0580560786215853
"942",0.128018310866062
"943",0.157018525736661
"944",0.197285868089762
"945",0.243712310559363
"946",0.377818414345362
"947",0.473952647887324
"948",0.0486362571068332
"949",0.0445352401593545
"950",0.0706552134760066
"951",0.0285242228563653
"952",0.0258823672030162
"953",0.258328543531956
"954",0.265518951677939
"955",0.262583126417839
"956",0.223947663863366
"957",0.161972244234701
"958",0.0576498400871167
"959",0.0644390818081838
"960",0.0292421679695672
"961",0.123386894883857
"962",0.103540547486268
"963",0.0573241576562132
"964",0.0179513452040757
"965",0.0155966184968713
"966",0.148288301021682
"967",0.119342301391404
"968",0.111843347106628
"969",0.134679449296388
"970",0.110016265126467
"971",0.0488819825595212
"972",0.0543238979827948
"973",0.0782643751716776
"974",0.0564764273453475
"975",0.0742662980647162
"976",0.129668484204157
"977",0.139082441969789
"978",0.101405858698879
"979",0.070381852609325
"980",0.0630403081175874
"981",0.0662524893351557
"982",0.055643767151997
"983",0.0711523159106599
"984",0.0672019612100862
"985",0.0601313669033283
"986",0.0740675911856593
"987",0.0336636067849297
"988",0.0374211486031791
"989",0.0295185876425955
"990",0.0309450412576537
"991",0.0293193678840394
"992",0.0247585155716207
"993",0.0327587496031871
"994",0.0313605228088045
"995",0.0332981180676045
"996",0.0318244555419507
"997",0.0271676016574459
"998",0.0340119240966983
"999",0.0437497736456383
"1000",0.0294671493141251
"1001",0.563828812982035
"1002",1.09726726551756
"1003",1.04165880239671
"1004",0.773219585587147
"1005",0.583003531163877
"1006",0.700939140376187
"1007",0.48028435333172
"1008",0.534624297357687
"1009",0.323784501850963
"1010",0.0709853658679511
"1011",0.0952014676526022
"1012",0.123370495774213
"1013",0.225318437203044
"1014",0.405755714168164
"1015",0.43327273435132
"1016",0.314443141913211
"1017",0.0197479796380878
"1018",0.0590011744445843
"1019",0.0434959594294314
"1020",0.0497374391302966
"1021",0.0867020974575886
"1022",0.0692442935434313
"1023",0.0367778877079013
"1024",0.157372026914418
"1025",0.196806547847249
"1026",0.202987843657592
"1027",0.144850695545195
"1028",0.206946512972046
"1029",0.17181196048604
"1030",0.0377330084947026
"1031",0.0206733736313701
"1032",0.149132377287048
"1033",0.15513642605203
"1034",0.145408422160723
"1035",0.121090335167655
"1036",0.136867980592207
"1037",0.0499891618576165
"1038",0.0483079825496193
"1039",0.0482175454384941
"1040",0.0646916829990019
"1041",0.076897055021153
"1042",0.0511075312363362
"1043",0.0860503490738199
"1044",0.107701233109245
"1045",0.0878765856922556
"1046",0.0616187320596921
"1047",0.0714842557499477
"1048",0.0630410589349852
"1049",0.0756617020506394
"1050",0.0734883243138236
"1051",0.0601111250874817
"1052",0.0773875490749289
"1053",0.0429674897975147
"1054",0.055228057757156
"1055",0.036292098956332
"1056",0.0407939764948296
"1057",0.0511730821897291
"1058",0.0420652708079735
"1059",0.0383426782996679
"1060",0.0389826221170396
"1061",0.0459568855704883
"1062",0.0484580806535217
"1063",0.0428450013474629
"1064",0.052061047696252
"1065",0.0586876882647164
"1066",0.0296126037459845
"1067",0.0387157456645234
"1068",0.958851914869195
"1069",0.788476575818642
"1070",0.668556675651211
"1071",0.598873860790701
"1072",0.648514971662208
"1073",0.433987029674026
"1074",0.457806539160185
"1075",0.694046003731949
"1076",0.401287211668903
"1077",0.346165474971066
"1078",0.0701599120428822
"1079",0.0891023722202556
"1080",0.110048608533818
"1081",0.123529814540036
"1082",0.132447672272976
"1083",0.239871138087421
"1084",0.155241682485031
"1085",0.187903654256042
"1086",0.238403268079811
"1087",0.0189744833683903
"1088",0.023092616783641
"1089",0.0712193319450212
"1090",0.0965003503280936
"1091",0.0322750132966182
"1092",0.0533332448330811
"1093",0.123225893613805
"1094",0.0896932332841322
"1095",0.132842297158197
"1096",0.102979477359982
"1097",0.127512581940221
"1098",0.100727051445091
"1099",0.0555412178036305
"1100",0.0646393511427468
"1101",0.027053599516877
"1102",0.0329662288011765
"1103",0.0180312287825227
"1104",0.0142884399776097
"1105",0.113886292495611
"1106",0.165084240781702
"1107",0.151644510187952
"1108",0.14237980021962
"1109",0.164869631954778
"1110",0.0480049305374913
"1111",0.0464143953282698
"1112",0.0477885587002928
"1113",0.0671864958688887
"1114",0.0730342688514212
"1115",0.0590099688155924
"1116",0.125207724728334
"1117",0.0708067121852663
"1118",0.109129054458857
"1119",0.0539122884808815
"1120",0.0572865520557816
"1121",0.0756964661445076
"1122",0.061742555196921
"1123",0.0781080016280331
"1124",0.0478450561836679
"1125",0.0488803689913729
"1126",0.0518537249388314
"1127",0.0621945588201949
"1128",0.057697182789555
"1129",0.0562204179991004
"1130",0.0591537390630094
"1131",0.0411445069285583
"1132",0.0780950630960592
"1133",0.0744916490896021
"1134",0.0621119972728163
"1135",0.0343321621787684
"1136",0.0282055752015495
"1137",0.0514297528080389
"1138",0.0477252360655973
"1139",0.372257137648676
"1140",0.510153788587176
"1141",0.837007292062476
"1142",0.696629319091745
"1143",0.622498685890614
"1144",0.549173468550462
"1145",0.752387544032192
"1146",0.572895580328102
"1147",0.483425704854934
"1148",0.465423414949056
"1149",0.545008939667182
"1150",0.288776707775209
"1151",0.285854925460985
"1152",0.205439474673243
"1153",0.0809583582418406
"1154",0.0869944276283149
"1155",0.082871716598843
"1156",0.100025533707674
"1157",0.143244537692154
"1158",0.194560742264239
"1159",0.195226973002794
"1160",0.29513902632476
"1161",0.0261861738107778
"1162",0.0883463906544368
"1163",0.108207915782332
"1164",0.0495884066299977
"1165",0.0691629927890275
"1166",0.0880352782222859
"1167",0.142713022142655
"1168",0.0575593769340263
"1169",0.0293543705861926
"1170",0.0509146370621004
"1171",0.015985677156934
"1172",0.0197051754409057
"1173",0.0157344926127096
"1174",0.127021354616226
"1175",0.173298865640033
"1176",0.16631424610495
"1177",0.173550753776273
"1178",0.148156772220569
"1179",0.165695524400138
"1180",0.147645525214557
"1181",0.0468402066392839
"1182",0.0579622158502832
"1183",0.0630952991230393
"1184",0.0691415294441266
"1185",0.0528096489081226
"1186",0.119978270752472
"1187",0.129760042694048
"1188",0.0844736630377097
"1189",0.0677409781536123
"1190",0.073686586597548
"1191",0.0509532348741906
"1192",0.0782259201250771
"1193",0.0708936449455794
"1194",0.0497590913607621
"1195",0.0682408100393646
"1196",0.063277784788015
"1197",0.0666662901509137
"1198",0.0722544603701886
"1199",0.0721802021231428
"1200",0.0790507640340285
"1201",0.0693042531928619
"1202",0.0766231918838723
"1203",0.0702840924157335
"1204",0.068933368464103
"1205",0.091245588825745
"1206",0.0400738371782254
"1207",0.0353446164941496
"1208",0.0683150412761087
"1209",0.346373111520532
"1210",0.31106247950087
"1211",0.387862099893302
"1212",0.507739322946674
"1213",0.410363806657553
"1214",0.627980891243168
"1215",0.65058394784972
"1216",0.465566422253789
"1217",0.421395502422188
"1218",0.372896723282776
"1219",0.349390644539401
"1220",0.209395749127964
"1221",0.0860243443768003
"1222",0.114012310888886
"1223",0.127086227359604
"1224",0.15484531888964
"1225",0.164638812143736
"1226",0.195685523904442
"1227",0.21649187761989
"1228",0.024900985318126
"1229",0.0351450855563272
"1230",0.0710050893797351
"1231",0.0662133570546936
"1232",0.0557030977847409
"1233",0.0954712227421338
"1234",0.062477604861879
"1235",0.0467813671436277
"1236",0.0444301804008081
"1237",0.0317453454831465
"1238",0.021420838560259
"1239",0.0360829012493079
"1240",0.0371032954874545
"1241",0.0186111239354228
"1242",0.015403615771744
"1243",0.0172969745345895
"1244",0.019414088291476
"1245",0.0211067136903516
"1246",0.0207893878189237
"1247",0.12524752147889
"1248",0.141719955767008
"1249",0.171218236820219
"1250",0.152809209569048
"1251",0.177896559973922
"1252",0.145810433969923
"1253",0.160604919989845
"1254",0.0522708985038608
"1255",0.0474730263482013
"1256",0.0742688966166318
"1257",0.0585099405164837
"1258",0.0656267192291204
"1259",0.0556833656590708
"1260",0.114087706998967
"1261",0.113432757218458
"1262",0.0988110252034991
"1263",0.0838112413289116
"1264",0.0738107525546026
"1265",0.0681412727592228
"1266",0.0532403012519565
"1267",0.0613816446720248
"1268",0.06118785650379
"1269",0.0583803643953352
"1270",0.0635803336180426
"1271",0.0541641619121738
"1272",0.0481674803986602
"1273",0.0556449127388202
"1274",0.0589179892088966
"1275",0.099744518211029
"1276",0.0859581596805331
"1277",0.0766583847005064
"1278",0.0850787849429173
"1279",0.0885655585685641
"1280",0.10051243530727
"1281",0.0950407312339808
"1282",0.0871616525168971
"1283",0.101119446689797
"1284",0.0992394338256447
"1285",0.0935194106095213
"1286",0.114801682113215
"1287",0.12152121751671
"1288",0.0560136241767122
"1289",0.0424362870475278
"1290",0.0383662884704891
"1291",0.259849664415762
"1292",0.31121792551056
"1293",0.546964828689438
"1294",0.666141731070312
"1295",0.641310743203718
"1296",0.525512794878466
"1297",0.579543727437359
"1298",0.472200071700855
"1299",0.368714934567341
"1300",0.22284871891164
"1301",0.0953521880761443
"1302",0.100704782278717
"1303",0.112800797376062
"1304",0.110083186537933
"1305",0.124861235446695
"1306",0.163677248263948
"1307",0.183138829092739
"1308",0.236052297481629
"1309",0.230594586562178
"1310",0.151558689683173
"1311",0.118232837660718
"1312",0.103990541126695
"1313",0.0524403550539379
"1314",0.0844143421450342
"1315",0.0997260755424387
"1316",0.0747475723617499
"1317",0.11147333267168
"1318",0.0358695182850537
"1319",0.0515359492716542
"1320",0.0199898720484662
"1321",0.029341654212665
"1322",0.0308967156166799
"1323",0.0233825585974248
"1324",0.0212576257385594
"1325",0.0184153551924992
"1326",0.0179983601283898
"1327",0.0257211081583465
"1328",0.0263098803434387
"1329",0.125488419225405
"1330",0.117066932962852
"1331",0.134753766488541
"1332",0.13625660477117
"1333",0.174729488865716
"1334",0.162512314550557
"1335",0.114686897329578
"1336",0.0518882742807195
"1337",0.0478002409649796
"1338",0.0493178090534408
"1339",0.0544219803511759
"1340",0.0673970524452807
"1341",0.0605760586235914
"1342",0.0582189766825102
"1343",0.0567282169159556
"1344",0.0851432570359263
"1345",0.0776699109991894
"1346",0.0645646600541048
"1347",0.0692799155921694
"1348",0.048012886771648
"1349",0.0477788925634117
"1350",0.0435505066650675
"1351",0.0463317316954533
"1352",0.0452943784815056
"1353",0.0992432395486658
"1354",0.114922315540593
"1355",0.106714398320039
"1356",0.0966429156715834
"1357",0.10482543296852
"1358",0.108005740163936
"1359",0.103159901201285
"1360",0.106963226244479
"1361",0.111579571905587
"1362",0.118626946246498
"1363",0.106096470365944
"1364",0.128878328759662
"1365",0.124707802003061
"1366",0.0441987717604695
"1367",0.0476117377021871
"1368",0.0906781904966746
"1369",0.262083358031619
"1370",0.336592247945865
"1371",0.343432702617084
"1372",0.61381170952612
"1373",0.465615261372813
"1374",0.508096288236093
"1375",0.419956577217746
"1376",0.477211441988704
"1377",0.390409009905044
"1378",0.535354308868399
"1379",0.191491624051861
"1380",0.110679488395864
"1381",0.112885191200297
"1382",0.112444642624071
"1383",0.118991597893945
"1384",0.121051680856059
"1385",0.127324777786643
"1386",0.141218349996875
"1387",0.150138273629074
"1388",0.137982332658782
"1389",0.157150712110734
"1390",0.172383163138428
"1391",0.13941778049585
"1392",0.0429207494927013
"1393",0.0681196414547397
"1394",0.0939806949253819
"1395",0.104711642925226
"1396",0.039892809279355
"1397",0.0948386006560672
"1398",0.0624815673184466
"1399",0.0247616605018805
"1400",0.0304875240230356
"1401",0.0370672606620011
"1402",0.0284955508726903
"1403",0.0305895154772894
"1404",0.02336548384091
"1405",0.105406424626085
"1406",0.0826413613109958
"1407",0.135313339373939
"1408",0.148876662811211
"1409",0.101477376517972
"1410",0.11482889739841
"1411",0.0988602136666774
"1412",0.0514111428608337
"1413",0.0475317926982187
"1414",0.0562124057902153
"1415",0.0586641164772607
"1416",0.0580055051558484
"1417",0.085197903705332
"1418",0.0602082253677234
"1419",0.0596512490011374
"1420",0.0418863429616777
"1421",0.034922914276743
"1422",0.0433612018586904
"1423",0.0372033614321155
"1424",0.0370971687024288
"1425",0.113010933809199
"1426",0.114140279491723
"1427",0.11845279245567
"1428",0.112534204494342
"1429",0.113092358819824
"1430",0.113806967964338
"1431",0.115148688611305
"1432",0.112173944954601
"1433",0.109993417904287
"1434",0.116178506128458
"1435",0.126763752635241
"1436",0.122088382574136
"1437",0.12208905266709
"1438",0.042009765825492
"1439",0.320497636653405
"1440",0.46109000849535
"1441",0.523004715744759
"1442",0.531820669966338
"1443",0.451066339686401
"1444",0.497911584168756
"1445",0.418017266496052
"1446",0.439635419326798
"1447",0.489896062848406
"1448",0.232586682523903
"1449",0.114681844052979
"1450",0.113932659984449
"1451",0.128039496805805
"1452",0.124786718711608
"1453",0.123597909012894
"1454",0.130682732725478
"1455",0.135572401595016
"1456",0.113607893305816
"1457",0.154844909920742
"1458",0.155548491553382
"1459",0.186037137876391
"1460",0.247416846140793
"1461",0.14172394737912
"1462",0.13845104458132
"1463",0.056071185712894
"1464",0.0484297856984947
"1465",0.0623977794368999
"1466",0.0793441583994893
"1467",0.0459769227122638
"1468",0.0508331405876277
"1469",0.102351648196662
"1470",0.0758403208666409
"1471",0.05859373536395
"1472",0.0492398963040881
"1473",0.0422828033281413
"1474",0.040632857569612
"1475",0.0407878695002565
"1476",0.0401342171014289
"1477",0.087307730078792
"1478",0.0812380794436065
"1479",0.0724386927419552
"1480",0.110298528468231
"1481",0.0849859809133815
"1482",0.0907005722330757
"1483",0.0566393971691554
"1484",0.054459773270647
"1485",0.057363685741228
"1486",0.034278785557906
"1487",0.0445193209102243
"1488",0.0302593793265378
"1489",0.0273493752043732
"1490",0.0366385122542697
"1491",0.044078893421499
"1492",0.0301697795145646
"1493",0.112355362128998
"1494",0.110763738750717
"1495",0.112878344949371
"1496",0.107218472595077
"1497",0.103834880096284
"1498",0.103914269446172
"1499",0.093455216775332
"1500",0.112413524450786
"1501",0.107153112447739
"1502",0.0447278614493827
"1503",0.0569671016167875
"1504",0.0415676514428032
"1505",0.068324243762904
"1506",0.0785273081955241
"1507",0.342275222641716
"1508",0.298917791975242
"1509",0.509150348650706
"1510",0.436472220710164
"1511",0.488683494257938
"1512",0.202647046439784
"1513",0.310898497797792
"1514",0.273100400002747
"1515",0.382523033021668
"1516",0.114030823090867
"1517",0.104962683149935
"1518",0.119681599543821
"1519",0.108340620275179
"1520",0.123646797083492
"1521",0.102979856995647
"1522",0.143785167494954
"1523",0.18266859049501
"1524",0.178735263605654
"1525",0.127007213727293
"1526",0.0552221574020934
"1527",0.0594188256762184
"1528",0.0671213550195517
"1529",0.0673328329440384
"1530",0.0719798976476449
"1531",0.0600682487511361
"1532",0.0534061797206122
"1533",0.054676688692426
"1534",0.0567682581418855
"1535",0.0959861076690623
"1536",0.0807679895125167
"1537",0.0731533298262865
"1538",0.0658739550020427
"1539",0.0756018415461838
"1540",0.0588582187324297
"1541",0.0569909508076331
"1542",0.0503468332526471
"1543",0.0547110333381756
"1544",0.0845933346068078
"1545",0.0642649976109152
"1546",0.0499836178785817
"1547",0.0497900198551637
"1548",0.0781105528383071
"1549",0.0691549690251184
"1550",0.0477846268320825
"1551",0.0541257396519206
"1552",0.0523772127346956
"1553",0.051693762552239
"1554",0.0546374697200945
"1555",0.0295402726561901
"1556",0.0401606613398995
"1557",0.0250338657632799
"1558",0.0342519517360334
"1559",0.040154956540396
"1560",0.041374997633918
"1561",0.0245910846073161
"1562",0.0242564427262356
"1563",0.101437578690382
"1564",0.0924136297047002
"1565",0.0947597086180488
"1566",0.101783543626462
"1567",0.0486014633697949
"1568",0.0690757251254148
"1569",0.457519465476664
"1570",0.355903713370151
"1571",0.491393040578036
"1572",0.41991877792276
"1573",0.241294864327586
"1574",0.310576332829176
"1575",0.380786580519835
"1576",0.0909388349671319
"1577",0.0750081441590537
"1578",0.0932250054031386
"1579",0.088374332760817
"1580",0.116266395134811
"1581",0.22492521027898
"1582",0.189613180651783
"1583",0.163194193698452
"1584",0.0575319886466447
"1585",0.0608638172561233
"1586",0.059930109441326
"1587",0.0588763090530915
"1588",0.0515784453261467
"1589",0.0498639058234388
"1590",0.0623935310572018
"1591",0.0604119704306031
"1592",0.0945733579338145
"1593",0.111993644357858
"1594",0.0670409558650261
"1595",0.0670222151721445
"1596",0.0679304064804918
"1597",0.0670412190850769
"1598",0.0851949665147154
"1599",0.0474276290162781
"1600",0.0398673225609745
"1601",0.0374959666261704
"1602",0.0400465117699025
"1603",0.0492093335919231
"1604",0.046925084771415
"1605",0.0481410054231091
"1606",0.0413932797032772
"1607",0.0232161381365706
"1608",0.0282093910996969
"1609",0.034369489768641
"1610",0.0236945765796819
"1611",0.0553326738105889
"1612",0.0236729140107434
"1613",0.0844890730250774
"1614",0.0838149373816751
"1615",0.0823945802102167
"1616",0.0728628549031001
"1617",0.0751717094025049
"1618",0.086625342721603
"1619",0.0420902747175388
"1620",0.0532835992806197
"1621",0.0467026324417854
"1622",0.290347170324517
"1623",0.34722688666633
"1624",0.350130368078115
"1625",0.234871317255166
"1626",0.0624912592864943
"1627",0.0608574194935576
"1628",0.0702792356388118
"1629",0.0835312267048559
"1630",0.122456676327549
"1631",0.220640363252812
"1632",0.0681135665949107
"1633",0.0828762492410887
"1634",0.156621713190405
"1635",0.183536568337377
"1636",0.0629401989722769
"1637",0.0562177865148586
"1638",0.055485985323069
"1639",0.0587378611012193
"1640",0.040581456985371
"1641",0.0486898181802599
"1642",0.121260918014422
"1643",0.125499224696994
"1644",0.0963764008213995
"1645",0.0703045643259256
"1646",0.0809471455758876
"1647",0.106283443416457
"1648",0.0366414524163882
"1649",0.0281899741640591
"1650",0.0277518703030649
"1651",0.0453505103420475
"1652",0.0450475741891403
"1653",0.042654673660257
"1654",0.0447657312293614
"1655",0.0432756366419435
"1656",0.0458907253917627
"1657",0.0235261969011865
"1658",0.0243116789587026
"1659",0.0252763442378245
"1660",0.0574771635198892
"1661",0.0637967217566104
"1662",0.0672580566399426
"1663",0.0551954998615781
"1664",0.0509260155902827
"1665",0.042770282376669
"1666",0.044869228877302
"1667",0.322252376569857
"1668",0.306655485814991
"1669",0.261123315328109
"1670",0.212788868180187
"1671",0.0614366638689516
"1672",0.0506208989200906
"1673",0.0482753421238474
"1674",0.063201365717575
"1675",0.062510050050704
"1676",0.0533154443392893
"1677",0.126682926686436
"1678",0.0380007517684903
"1679",0.178658754556352
"1680",0.0634148436177039
"1681",0.0491167412438875
"1682",0.0587825718039676
"1683",0.0309342374365634
"1684",0.0542189253517474
"1685",0.040103317741794
"1686",0.0671752120357316
"1687",0.0611493153218415
"1688",0.154882571143312
"1689",0.0754189278195741
"1690",0.0864070329808345
"1691",0.105015970923863
"1692",0.136038447399501
"1693",0.0317349052537387
"1694",0.0263739221171098
"1695",0.0380557217091693
"1696",0.0404657879550222
"1697",0.0427756564333776
"1698",0.0402411316189749
"1699",0.0356311913481412
"1700",0.0252420714716706
"1701",0.0248545490752056
"1702",0.0326013264316783
"1703",0.0273180916306376
"1704",0.0363653966617448
"1705",0.0280917890344089
"1706",0.0371865260302333
"1707",0.0281207208528647
"1708",0.0282729444594216
"1709",0.027969106251621
"1710",0.0487367047503613
"1711",0.0492958774626506
"1712",0.0494130803472368
"1713",0.0423484534282628
"1714",0.28954628293059
"1715",0.287454654985886
"1716",0.247290788273419
"1717",0.220977710307787
"1718",0.0370484838848053
"1719",0.0430134988785165
"1720",0.0449713930279695
"1721",0.0468537571484009
"1722",0.169772400442299
"1723",0.0814804985760472
"1724",0.10543260513335
"1725",0.060039935688483
"1726",0.173011407136065
"1727",0.0232627844896527
"1728",0.0532223693051507
"1729",0.0319614016196825
"1730",0.0364847079809643
"1731",0.0715333757216123
"1732",0.064519057711732
"1733",0.0540250472566142
"1734",0.141599366199348
"1735",0.170927012486455
"1736",0.183271680585004
"1737",0.163143772509204
"1738",0.0202275026322565
"1739",0.0336253828739144
"1740",0.0367477737943781
"1741",0.0232214259385412
"1742",0.0280904845656123
"1743",0.033764952812501
"1744",0.0327616992459467
"1745",0.0377614689178739
"1746",0.0307654338274004
"1747",0.034780531484026
"1748",0.0332004717635971
"1749",0.0325146204816477
"1750",0.0399018192948744
"1751",0.0411295611086089
"1752",0.0402563156130548
"1753",0.201781822577806
"1754",0.188746184892761
"1755",0.138444839739276
"1756",0.194640318092889
"1757",0.183321956099526
"1758",0.178097828591008
"1759",0.172155630364511
"1760",0.033021145229453
"1761",0.0370106563079473
"1762",0.0942030473525465
"1763",0.0762447247313662
"1764",0.0373168283349812
"1765",0.0590679392484569
"1766",0.0402838096272354
"1767",0.184389887497318
"1768",0.185082748993252
"1769",0.0200273704657004
"1770",0.0249942855675567
"1771",0.0444854201001767
"1772",0.0261344441804042
"1773",0.0444766688178324
"1774",0.0824487215031483
"1775",0.0636026081365511
"1776",0.0467012621698556
"1777",0.176235127356654
"1778",0.181238719703988
"1779",0.168423672028447
"1780",0.106416695124354
"1781",0.128336815758891
"1782",0.137857507464517
"1783",0.167417899779794
"1784",0.0182374656140082
"1785",0.0200435050623556
"1786",0.0316269526012246
"1787",0.0271555119551492
"1788",0.0382262079571485
"1789",0.03791059534283
"1790",0.0371819016645058
"1791",0.0352801168213051
"1792",0.0330227380800748
"1793",0.034966714501093
"1794",0.0333039770082703
"1795",0.0396854254156314
"1796",0.0390912951412064
"1797",0.03399174991276
"1798",0.107131985697413
"1799",0.170445972989986
"1800",0.159105251451636
"1801",0.0293881534244655
"1802",0.0319366130679071
"1803",0.0160348593790267
"1804",0.0343650242844318
"1805",0.0256014935144876
"1806",0.0183295628162698
"1807",0.0348968910079193
"1808",0.0792181189772236
"1809",0.153869761611205
"1810",0.139615738467033
"1811",0.0168866189471179
"1812",0.014430276297665
"1813",0.037044674304311
"1814",0.0293094173439428
"1815",0.0247021017077677
"1816",0.0198884453272833
"1817",0.0196313632053124
"1818",0.0367628154221845
"1819",0.0387075545882421
"1820",0.0374699902169517
"1821",0.0375839223085893
"1822",0.0399192085746236
"1823",0.027657491323001
"1824",0.0383760529139112
"1825",0.0311541370408111
"1826",0.071585043594687
"1827",0.146542859338834
"1828",0.141777450534212
"1829",0.026569862457631
"1830",0.0487015708638055
"1831",0.0362989176934649
"1832",0.0198185694956103
"1833",0.037588263407496
"1834",0.0665732528666025
"1835",0.0472823754209194
"1836",0.122929362423901
"1837",0.128783802783009
"1838",0.0912257065431946
"1839",0.016152389180701
"1840",0.0142660468549347
"1841",0.0151173818766794
"1842",0.0352578419394354
"1843",0.0384502455723779
"1844",0.0217412523772326
"1845",0.0345161101919508
"1846",0.0252606767513609
"1847",0.0405476643623254
"1848",0.0397946106382202
"1849",0.0422913036759218
"1850",0.028214588791346
"1851",0.0356444245750864
"1852",0.071739750093297
"1853",0.127333801311392
"1854",0.0983571454611915
"1855",0.0689189706006024
"1856",0.0243307571357652
"1857",0.0245352782355148
"1858",0.0396578982827825
"1859",0.0264606174542522
"1860",0.0170229054544297
"1861",0.0348203986164398
"1862",0.0524438858973562
"1863",0.094397756013614
"1864",0.0642589772133221
"1865",0.0345168776426159
"1866",0.0431497102632689
"1867",0.0426921992259835
"1868",0.0430732001946261
"1869",0.0328601307833586
"1870",0.0259183094627839
"1871",0.0282124788961694
"1872",0.0326564552164369
"1873",0.0664373887566077
"1874",0.0351615106120896
"1875",0.0238434138937162
"1876",0.0376398008926421
"1877",0.0654940728509335
"1878",0.025688689219054
"1879",0.0442666170598328
"1880",0.0172713626056119
"1881",0.0242238013160046
"1882",0.0381489146177013
"1883",0.0293876494549408
"1884",0.0251180447789525
"1885",0.0278943393004772
"1886",0.0473989137463067
"1887",0.0572592514991579
"1888",0.0302061084296959
"1889",0.0246474937067935
"1890",0.0367340352692138
"1891",0.020882962376515
"1892",0.0413332037938603
"1893",0.0430609808090925
"1894",0.0207002858498454
"1895",0.026244166571955
"1896",0.0309199258263706
"1897",0.040700285770299
"1898",0.037499660885876
"1899",0.0423547648907026
"1900",0.0436776237898713
"1901",0.027381623144191
"1902",0.0472070559836415
"1903",0.0287085126932325
"1904",0.0470640836539062
"1905",0.0221483900025305
"1906",0.0315757241379094
"1907",0.0337096200797531
"1908",0.0230740641023099
"1909",0.0317254726323305
"1910",0.0414181327818627
"1911",0.0422914453510025
"1912",0.0364660888851162
"1913",0.0289530054166594
"1914",0.0347531915693725
"1915",0.0387812384178607
"1916",0.040831439289122
"1917",0.0305777764349626
"1918",0.0365415378457101
"1919",0.0322620968176853
"1920",0.110445645293738
"1921",0.0859187895249679
"1922",0.118121200247073
"1923",0.14981151936137
"1924",0.322860454905817
"1925",0.143047526163107
"1926",0.0926166417116104
"1927",0.105956261024952
"1928",0.0751332221595536
"1929",0.0708428586968752
"1930",0.0747362971251519
"1931",0.0627421907771502
"1932",0.127619616251081
"1933",0.0313101183785801
"1934",0.0280564508468807
"1935",0.031637487650735
"1936",0.0347394929820658
"1937",0.152037982866291
"1938",0.0972650481497762
"1939",0.0520188488074704
"1940",0.0461277175597303
"1941",0.0483508515583496
"1942",0.0266078373591474
"1943",0.029161626525948
"1944",0.0358904121039319
"1945",0.0386896425067764
"1946",0.0883123625185208
"1947",0.0391526925829854
"1948",0.0385542923893471
"1949",0.127421770011184
"1950",0.0661730775458454
"1951",0.0548318254188093
"1952",0.0538797549009651
"1953",0.0618321586074721
"1954",0.0428455838681022
"1955",0.0814033806894881
"1956",0.0865384147397511
"1957",0.0411589951985047
"1958",0.269841499965826
"1959",0.316652848738757
"1960",0.0960429448942725
"1961",0.182142727732951
"1962",0.0881579796005107
"1963",0.0855799473528145
"1964",0.104588481531797
"1965",0.61059605759332
"1966",0.113404153851821
"1967",0.0594697342082848
"1968",0.0565027036360323
"1969",0.0564824866103559
"1970",0.0553208235782577
"1971",0.0703287563410432
"1972",0.0658764097212816
"1973",0.0678158559140254
"1974",0.0600968653843594
"1975",0.0667517381364933
"1976",0.0589302975450514
"1977",0.0788737013572625
"1978",0.139626937264473
"1979",0.0745849686100704
"1980",0.0827962459612477
"1981",0.203078461427487
"1982",0.683900212191234
"1983",0.734352842161462
"1984",0.701445494411543
"1985",0.745984092563119
"1986",0.756058820709798
"1987",1.05651544778352
"1988",0.746354713079238
"1989",1.04607937713931
"1990",0.780786659655215
"1991",0.380796772043719
"1992",2.05103183996549
"1993",2.59386308082314
"1994",0.0785952993940753
"1995",0.0893825210127447
"1996",0.0356805815718514
"1997",0.619661148724546
"1998",0.167937879255088
"1999",0.153022725182407
"2000",0.0728244495883874
"2001",0.0629548621399083
"2002",0.0921732543550929
"2003",1.0275526057083
"2004",1.67205463886254
"2005",1.63020227274575
"2006",1.49814497781255
"2007",0.774843897280151
"2008",0.613439525377061
"2009",0.793877119689799
"2010",1.90002994537413
"2011",1.31924768028827
"2012",2.57040081569405
"2013",0.980415366629626
"2014",0.0358456078457175
"2015",0.0333711537075162
"2016",0.309943278205978
"2017",0.191799303776436
"2018",0.368166746717237
"2019",0.440008907575827
"2020",0.522226048616642
"2021",0.59493896195763
"2022",0.519502827226936
"2023",0.570422143283147
"2024",0.67860206056934
"2025",0.615003781751859
"2026",0.57636795071745
"2027",0.569699090759244
"2028",0.649449898523775
"2029",0.569793581831988
"2030",0.669200990535825
"2031",0.459582299800432
"2032",0.0490192436687211
"2033",0.0811972048054538
"2034",0.141833210896161
"2035",0.985072103183584
"2036",0.940686447619434
"2037",0.0554741347311267
"2038",0.0638475296057663
"2039",0.0462006518229256
"2040",0.0384942261726514
"2041",0.0312598171610376
"2042",0.0352059346487045
"2043",0.0383484699238686
"2044",0.0919768774792212
"2045",0.032582853683421
"2046",0.0506165022496433
"2047",0.0394674067112461
"2048",0.0492311573931725
"2049",0.0409854098859751
"2050",0.0895303747006586
"2051",0.141176170077661
"2052",0.13475674170753
"2053",0.231076314896194
"2054",0.225562313306643
"2055",0.221783874282873
"2056",0.037109246740942
"2057",0.0420996959069762
"2058",0.0432785397302335
"2059",0.0533248222997213
"2060",0.0348881099450671
"2061",0.0321818632172506
"2062",0.0305829816759519
"2063",0.0329052507326307
"2064",0.0517183024488744
"2065",0.0360093607725144
"2066",0.0674971367305578
"2067",0.0922122438172378
"2068",0.134230364196671
"2069",0.0448633348410497
"2070",0.041747274263803
"2071",0.0378567463183922
"2072",0.0574633619189976
"2073",0.0357886022036538
"2074",0.0349044834397244
"2075",0.0384516370985292
"2076",0.0525668472917869
"2077",0.0533458640171637
"2078",0.0538734709913623
"2079",0.056358798299625
"2080",0.0567700917420743
"2081",0.0464522533465898
"2082",0.0580959140931104
"2083",0.057573179631706
"2084",0.0588446951885197
"2085",0.0596244528631433
"2086",0.0549302104863258
"2087",0.0550759357006407
"2088",1.09777199074383
"2089",0.0817753107149223
"2090",0.0726245081812737
"2091",0.0612204144218545
"2092",0.0394576908927537
"2093",0.0471716315154588
"2094",0.0427039851535177
"2095",0.0758153099536651
"2096",0.191458744696169
"2097",0.243024330299151
"2098",0.216868852466175
"2099",0.252354665465148
"2100",0.0772886667694685
"2101",0.049300768885987
"2102",0.0336948797714711
"2103",0.032178852431073
"2104",0.0257810712424009
"2105",0.0263591081159138
"2106",0.0817539406912124
"2107",0.0443567248008383
"2108",0.115857161478717
"2109",0.280797113631549
"2110",0.335212919714621
"2111",0.445072833286293
"2112",0.145258479429344
"2113",0.0855230412993963
"2114",0.185546888942955
"2115",1.20349514055789
"2116",0.988360988613617
"2117",1.10125257442989
"2118",0.278424598361833
"2119",0.477079542420966
"2120",0.4038490732652
"2121",0.511534504670796
"2122",0.300255670785591
"2123",0.546522576968186
"2124",1.15459551342034
"2125",1.07999034166456
"2126",0.537914224111367
"2127",0.932601967679187
"2128",1.16895927763048
"2129",0.587411199478156
"2130",1.06155647378236
"2131",1.14145683293922
"2132",0.733128371068038
"2133",0.176343832540918
"2134",0.145412679012604
"2135",0.278261417257965
"2136",0.142597895437638
"2137",0.733570615219777
"2138",0.35379101752326
"2139",0.463133072759581
"2140",0.417825896617129
"2141",0.670604565663163
"2142",0.546115002464223
"2143",0.6500930462809
"2144",0.683393187563531
"2145",0.384895389689092
"2146",1.05582147250063
"2147",1.36299349907633
"2148",1.34917098311898
"2149",0.135471489055634
"2150",0.126793290091821
"2151",0.156701894882995
"2152",0.160653447549542
"2153",0.146873400970309
"2154",0.150938814487044
"2155",0.139674617631894
"2156",0.116007710450611
"2157",0.17255206772583
"2158",0.172098560249477
"2159",0.181628262805453
"2160",0.182695709794237
"2161",0.183056544794901
"2162",0.19631798365822
"2163",0.586224284558509
"2164",0.438708104851814
"2165",0.438873886087392
"2166",0.143594042079553
"2167",0.26863510434345
"2168",0.237578769098277
"2169",0.128207413122235
"2170",0.102705501022349
"2171",0.0387738266917246
"2172",0.0366051050978341
"2173",0.0867938822277324
"2174",0.0365897165527193
"2175",0.0340763043608733
"2176",0.0292930223293212
"2177",0.0569215409984568
"2178",0.0396544852265734
"2179",0.0815246031344568
"2180",0.0299009487205552
"2181",0.01527326165184
"2182",0.0187323198721827
"2183",0.0203716177205464
"2184",0.0238261332124032
"2185",0.0152459214787397
"2186",0.0126237390793224
"2187",0.0133708900683562
"2188",0.0427857222527854
"2189",0.0367535178828632
"2190",0.0371614007512535
"2191",0.562366207502515
"2192",0.0192414945721493
"2193",0.0292487946032453
"2194",0.0152610644761339
"2195",0.0195540878187538
"2196",0.0143149725534109
"2197",0.0146779122334808
"2198",0.0118352559124352
"2199",0.0114226089553043
"2200",0.0179193858698648
"2201",0.0212842006077174
"2202",0.0969736344562978
"2203",0.0157562015573746
"2204",0.614393596431385
"2205",0.0328451080981881
"2206",0.0552922330562086
"2207",0.0585334810908576
"2208",0.0684385319186406
"2209",0.0709106349176852
"2210",0.0693393777579996
"2211",0.0672988258437817
"2212",0.0861836264564955
"2213",0.0740256514608605
"2214",0.0782815901788185
"2215",0.110023719470044
"2216",0.0838147784679383
"2217",0.0647302368544914
"2218",0.0657804960614648
"2219",0.028070571390373
"2220",0.0181607065145122
"2221",1.89265017348044
"2222",2.12705079468821
"2223",2.64812408403433
"2224",2.08013986139276
"2225",1.04893910227502
"2226",1.71703297321663
"2227",1.34610988884364
"2228",0.332553946203983
"2229",0.447942005574502
"2230",2.80382167687055
"2231",2.10430440393631
"2232",1.24706895796282
"2233",1.79289269107347
"2234",0.278564589498668
"2235",0.157637814073374
"2236",0.180723652226472
"2237",0.05472059672438
"2238",0.049907656178141
"2239",0.0395747307017803
"2240",0.0662718868514928
"2241",0.0376174802173234
"2242",0.0655389944808009
"2243",0.0745900244193626
"2244",0.0705425851704825
"2245",0.0696208925757752
"2246",0.0501738106376622
"2247",0.0549940222693208
"2248",0.0646049276280225
"2249",0.0546394832133894
"2250",0.0546627680499123
"2251",0.0527984799144011
"2252",0.0479219117654127
"2253",0.0424660480201222
"2254",0.0442017063804384
"2255",0.0882710415502521
"2256",0.0406359819784504
"2257",0.0665679932132644
"2258",0.0741531067049097
"2259",0.0717343462514306
"2260",0.081111897378453
"2261",0.0636832328378429
"2262",0.0882311190868882
"2263",0.0561381892705142
"2264",0.182133381331996
"2265",0.182496697742121
"2266",0.164038091916025
"2267",0.137572622673679
"2268",0.104312379497196
"2269",0.0550198235542267
"2270",0.135499386130906
"2271",0.148057384424869
"2272",0.0906059303327447
"2273",0.128414333837141
"2274",0.0927411488307899
"2275",0.0858474981541289
"2276",0.105130769243553
"2277",0.132569682250003
"2278",0.128793234501803
"2279",0.105895996992603
"2280",0.0905419462297576
"2281",0.160485318619399
"2282",0.225769429284668
"2283",0.210368943504513
"2284",0.187524790888448
"2285",0.202314716245379
"2286",0.159719782103115
"2287",0.194933412987264
"2288",0.123697878540762
"2289",0.108989167506896
"2290",0.11942529758013
"2291",0.119369111372942
"2292",0.113171198284261
"2293",0.106435535648327
"2294",0.0860117562956223
"2295",0.0978380699666786
"2296",0.0988218803460045
"2297",0.0949112111452886
"2298",0.0900222598250583
"2299",0.0803764113723582
"2300",0.108530354279557
"2301",0.102241777124542
"2302",0.128696773288765
"2303",0.141716785873765
"2304",0.21710507013819
"2305",0.197004428943541
"2306",0.197352198536854
"2307",0.162964073474769
"2308",0.175654420969969
"2309",0.209313886548578
"2310",0.143674127776404
"2311",0.142755928169927
"2312",0.14573771545593
"2313",0.149470202035217
"2314",0.160184188868231
"2315",0.0472096002568086
"2316",0.050624853684434
"2317",0.0763852764434222
"2318",0.0700177732977491
"2319",0.0952562930594266
"2320",0.093053101986126
"2321",0.0634358582792781
"2322",0.158590596976623
"2323",0.135693678986878
"2324",0.139333625147218
"2325",0.118898050730353
"2326",0.149642834338245
"2327",0.147377630824903
"2328",0.152717576377145
"2329",0.154102541765141
"2330",0.142299168088216
"2331",0.157839301360467
"2332",0.145324499512533
"2333",0.182340076399557
"2334",0.156267291546691
"2335",0.164313548785569
"2336",0.186380766556402
"2337",0.0678903575730485
"2338",0.0579870507739518
"2339",0.0568785655295027
"2340",0.0639563898995133
"2341",0.163823179859272
"2342",0.0369209097718039
"2343",0.081743158688289
"2344",0.0715076464514648
"2345",0.0663922242212885
"2346",0.0566645070366109
"2347",0.0573770473511664
"2348",0.0469450931005975
"2349",0.057793141542949
"2350",0.0387063257342886
"2351",0.0426567377230104
"2352",0.0559845413825331
"2353",0.0578354152167084
"2354",0.0531196299820111
"2355",0.0590046920827053
"2356",0.0669126412676511
"2357",0.0747605713429242
"2358",0.0692058847288703
"2359",0.0771461744151352
"2360",0.0702575848259755
"2361",0.0430203755527337
"2362",0.0438262193237857
"2363",0.0436891671669894
"2364",0.0416214234753616
"2365",0.0429040331804139
"2366",0.0414269010945874
"2367",0.0384140244073387
"2368",0.0412727776416173
"2369",0.0405110836253152
"2370",0.0383355171673497
"2371",0.0370367652059788
"2372",0.0298739953092616
"2373",0.0352478427351616
"2374",0.0298962735428941
"2375",0.0380613126050423
"2376",0.0147376626015565
"2377",0.0156660046002382
"2378",0.0166022031259382
"2379",0.0184298419026271
"2380",0.0305936710121584
"2381",0.0351711881217231
"2382",0.0384662528509286
"2383",0.0300563532366839
"2384",0.0438402815541121
"2385",0.0391333504695781
"2386",0.0428928240563003
"2387",0.045010224946859
"2388",0.0390385870066748
"2389",0.0319453428671304
"2390",0.0391037412505666
"2391",0.0511856832038748
"2392",0.055975905455414
"2393",0.0705134986753662
"2394",0.0754822527321789
"2395",0.0862442229822149
"2396",0.0505943476691243
"2397",0.0931690585059757
"2398",0.0778138218908042
"2399",0.1266937848367
"2400",0.10300513272576
"2401",0.104735813168651
"2402",0.0961982335832482
"2403",0.0547070241663228
"2404",0.0571643692515793
"2405",0.0550060093498587
"2406",0.0578862540238891
"2407",0.04810093937649
"2408",0.0525479246072641
"2409",0.0520924575434862
"2410",0.0260201115280155
"2411",0.0608479250016013
"2412",0.0646928445058206
"2413",0.0264809271802488
"2414",0.0247885904233334
"2415",0.117655526813626
"2416",0.0685019627630219
"2417",0.0765556762912722
"2418",0.179764227039506
"2419",0.0335084983357474
"2420",0.0525367257594898
"2421",0.051623336373628
"2422",0.0470002698153875
"2423",0.146407641292613
"2424",0.126061010252184
"2425",0.113587711134151
"2426",0.10910057193334
"2427",0.0831988306374507
"2428",0.0906357202974946
"2429",0.0442030375120457
"2430",0.0364830027454446
"2431",0.0366898629716565
"2432",0.0385136660953302
"2433",0.0361449192871134
"2434",0.0561483120005994
"2435",0.0573216129598625
"2436",0.0498157796586126
"2437",0.0540076632816778
"2438",0.0337982981560042
"2439",0.0789763166082947
"2440",0.080614294244362
"2441",0.220571843468525
"2442",0.0661836383933261
"2443",0.0566699090886814
"2444",0.0489130030877462
"2445",0.0627486061094714
"2446",0.0578702042031662
"2447",0.0916000760764772
"2448",0.0479474040579763
"2449",0.0435302699217606
"2450",0.0483885286271095
"2451",0.0263534662653179
"2452",0.023333403269908
"2453",0.0216510348822923
"2454",0.0177136492742548
"2455",0.0154105107448571
"2456",0.0202630815176617
"2457",0.0165532990312646
"2458",0.0191863692350498
"2459",0.0872352665550831
"2460",0.0870795568820132
"2461",0.0240075379100807
"2462",0.0266862935431109
"2463",0.0383369929917306
"2464",0.0114406227635868
"2465",0.0125120762738406
"2466",0.0123456669049191
"2467",0.012483413120597
"2468",0.01149762395851
"2469",0.0136615469427909
"2470",0.0115849304897022
"2471",0.0788914182212054
"2472",0.0784397633915076
"2473",0.0707604120658044
"2474",0.0807208818815849
"2475",0.0516481019938982
"2476",0.0379832870925921
"2477",0.0686131120826446
"2478",0.0730792928184404
"2479",0.0741265577947679
"2480",0.0687967536732646
"2481",0.0840974434557732
"2482",0.0739305439109014
"2483",0.075238228191463
"2484",0.068833112551694
"2485",0.0778146142017139
"2486",0.0671070555824616
"2487",0.0593955399156493
"2488",0.030334181572541
"2489",0.0310527981271549
"2490",0.0306498530167428
"2491",0.0468768797691178
"2492",0.0259344239770215
"2493",0.0272698219006251
"2494",0.0309275953411352
"2495",0.0482085828323095
"2496",0.023539962789743
"2497",0.0372140666764595
"2498",0.0359678769601227
"2499",0.0344086730628825
"2500",0.0258712626147809
"2501",0.0281090399964576
"2502",0.0368504436560406
"2503",0.0356124039322806
"2504",0.0313867794434764
"2505",0.0256017190277214
"2506",0.035412970175833
"2507",0.0405542283415836
"2508",0.0412117283772727
"2509",0.0339658394850105
"2510",0.0403861298603274
"2511",0.124720506638964
"2512",0.0836581675510128
"2513",0.100463883159814
"2514",0.111114535306311
"2515",0.10866133699414
"2516",0.114388419790622
"2517",0.0346046064845465
"2518",0.0949401271206385
"2519",0.019516648937637
"2520",0.025134440640485
"2521",0.0367645253750658
"2522",0.0331873347769785
"2523",0.030229907077242
"2524",0.0287808959101868
"2525",0.0307710990867871
"2526",0.0240636266139201
"2527",0.0192316722650604
"2528",0.023067821113552
"2529",0.0206616359138818
"2530",0.0278056647741496
"2531",0.0671067265882514
"2532",0.01475229067104
"2533",0.0157487576865253
"2534",0.109364608280316
"2535",0.0952598292317578
"2536",0.0983184965842117
"2537",0.0747068054778165
"2538",0.149194717062408
"2539",0.183199148225434
"2540",0.181724863408163
"2541",0.113142988674889
"2542",0.115239742596835
"2543",0.116233440479897
"2544",0.18113003960022
"2545",0.195732800530139
"2546",0.265928936241914
"2547",0.304164519856166
"2548",0.0529278390032263
"2549",0.0491250960220245
"2550",0.0406765189608016
"2551",0.0226409290857551
"2552",0.126526285999667
"2553",0.145342303792749
"2554",0.158737235522783
"2555",0.113487253558508
"2556",0.103402672274063
"2557",0.0846288168120567
"2558",0.094772073288719
"2559",0.0489362243425695
"2560",0.0903933005215693
"2561",0.157396015101051
"2562",0.188316120583857
"2563",0.18923195553764
"2564",0.192692057466302
"2565",0.129741119895212
"2566",0.144883735891899
"2567",0.206518449836465
"2568",0.149309734904401
"2569",0.117509022804078
"2570",0.137665280900553
"2571",0.116195671405578
"2572",0.0865523971160008
"2573",0.0978665689215267
"2574",0.230383698532238
"2575",0.264168787353835
"2576",0.242345636949462
"2577",0.2443523924348
"2578",0.162150589970856
"2579",0.175560018582473
"2580",0.089135285125706
"2581",0.516263116966323
"2582",0.517278294513297
"2583",0.654248957190642
"2584",0.378505808609006
"2585",0.331795886001205
"2586",0.387013731989556
"2587",0.415680221329643
"2588",0.460545607381439
"2589",0.430532479081926
"2590",0.446349252124564
"2591",0.404582544014811
"2592",0.401271621142404
"2593",0.413891732974485
"2594",0.416045704877115
"2595",0.431827819146748
"2596",0.38966095963597
"2597",0.633571863061214
"2598",0.570709551191686
"2599",0.392764181869207
"2600",0.445189296086604
"2601",0.35680030039053
"2602",0.244696584745239
"2603",0.194666202258
"2604",0.220433251088812
"2605",0.278909155781629
"2606",0.334627678838207
"2607",0.165216928082712
"2608",0.179185187314332
"2609",0.18475119183177
"2610",0.123466674309058
"2611",0.117758474809244
"2612",0.144592278400103
"2613",0.0364122101605224
"2614",0.174432275201674
"2615",0.0650417885568756
"2616",0.171810322947618
"2617",0.183236440812202
"2618",0.143017982080795
"2619",0.30534078507841
"2620",0.0448505955316259
"2621",0.0440594984488238
"2622",0.0450040104065766
"2623",0.0467453483142379
"2624",0.0377934561184297
"2625",0.0414535241636547
"2626",0.174292701384694
"2627",0.147713996260279
"2628",0.570627027058076
"2629",0.674040202822939
"2630",0.312274871763742
"2631",0.128558992362081
"2632",0.250041990269742
"2633",0.285825631140494
"2634",0.26347793600558
"2635",0.579726465991144
"2636",0.374200020854733
"2637",0.249592650066435
"2638",0.252822210798011
"2639",0.299969417200989
"2640",0.35365907355885
"2641",0.628967638722031
"2642",0.917030589485422
"2643",0.737148055969798
"2644",0.879167348524597
"2645",0.65687429945601
"2646",0.975575974253657
"2647",0.725599250798793
"2648",0.620779624874652
"2649",0.535495787579896
"2650",0.374973512046869
"2651",0.162661725507719
"2652",0.302629809532757
"2653",0.250027611732317
"2654",0.672695475036318
"2655",0.708668217871436
"2656",0.0405623625358714
"2657",0.0476242927536208
"2658",0.0643779184918977
"2659",0.0881231439196744
"2660",0.103553563242587
"2661",0.0982960517158864
"2662",0.103402465508051
"2663",0.108709106418479
"2664",0.167259838617405
"2665",0.0583322399892412
"2666",0.0776843832212197
"2667",0.0713074171016198
"2668",0.108654349368101
"2669",0.0701760917108148
"2670",0.0585104673395385
"2671",0.0291445911947167
"2672",0.0474599362245229
"2673",0.0298648961542374
"2674",0.108337328247775
"2675",0.114082140332344
"2676",0.113817252672769
"2677",0.10787226862784
"2678",0.111874646253143
"2679",0.0946877400664213
"2680",0.101103119229283
"2681",0.116486442927857
"2682",0.103081622166242
"2683",0.0937332793730282
"2684",0.114953110865296
"2685",0.106938329355314
"2686",0.0936386846538641
"2687",0.111352027096238
"2688",0.116504836895378
"2689",0.112305824471803
"2690",0.0952756456668076
"2691",0.102233750832918
"2692",0.181828889502279
"2693",0.0628436856157116
"2694",0.102159922007591
"2695",0.0397197383735784
"2696",0.0527848623608948
"2697",0.0534442787336152
"2698",0.0258206957075811
"2699",0.0282083335269911
"2700",0.333454322911464
"2701",0.374550293720605
"2702",0.372695005573186
"2703",0.145835825072801
"2704",0.134067117887755
"2705",0.135901959008504
"2706",0.12930408002358
"2707",0.125538000070429
"2708",0.126427082568688
"2709",0.142093182226214
"2710",0.133763645396004
"2711",0.144680495498647
"2712",0.144728587417312
"2713",0.153177243808121
"2714",0.0936862014358014
"2715",0.113651193128035
"2716",0.102225821954025
"2717",0.111097976440819
"2718",0.118048827287782
"2719",0.119266350872536
"2720",0.179598333797707
"2721",0.156185494450198
"2722",0.0951841383620749
"2723",0.115024452489235
"2724",0.0990115305872961
"2725",0.122838020522841
"2726",0.0547487522051487
"2727",0.172758251624836
"2728",0.172122875393016
"2729",0.164254734477884
"2730",0.139592103331358
"2731",0.182076078410507
"2732",0.385181568267985
"2733",0.44173709442026
"2734",0.232992341206262
"2735",0.36280903534492
"2736",0.257277044093925
"2737",0.173901468261167
"2738",0.0814974567168272
"2739",0.0828445818770564
"2740",0.0864522349976553
"2741",0.0817398727597296
"2742",0.0734366812007836
"2743",0.573965544374211
"2744",0.175167210199584
"2745",0.424334115045224
"2746",0.477263121927063
"2747",0.384153135107969
"2748",0.49201234994645
"2749",0.508079766070388
"2750",0.435208509797457
"2751",0.525222831535766
"2752",0.630251626463542
"2753",0.407301545264049
"2754",0.41554284432224
"2755",0.454118305704394
"2756",0.447100713368915
"2757",0.508345100895812
"2758",0.470310218835972
"2759",0.0784377681367664
"2760",0.0751428127904823
"2761",0.0595232389853367
"2762",0.227563832683518
"2763",0.239178919540442
"2764",0.283275209819837
"2765",0.321759312176491
"2766",0.742983011895292
"2767",0.57466621780637
"2768",0.0454010219482671
"2769",0.080967597458881
"2770",0.101526023234945
"2771",0.0647729883472524
"2772",0.0585697974373959
"2773",0.0387169003948803
"2774",0.0424578078274168
"2775",0.0366196794865654
"2776",0.0338901823777947
"2777",0.0313472085023597
"2778",0.0718397029371559
"2779",0.0506809260553387
"2780",0.113320816064403
"2781",0.129221064041001
"2782",0.0944949474506435
"2783",0.101297378637815
"2784",0.0806425808004228
"2785",0.114903822642948
"2786",0.0895123950909775
"2787",0.0952456784174277
"2788",0.0857807233811494
"2789",0.0824312283939486
"2790",0.508329189318619
"2791",0.672941130774758
"2792",0.938229058694078
"2793",0.891535657261907
"2794",0.731565331388321
"2795",0.424722949574014
"2796",0.535372046045379
"2797",1.59598623433505
"2798",1.29460687879778
"2799",1.49233660387916
"2800",2.77185932572522
"2801",2.33956556197371
"2802",1.65780437136997
"2803",1.01569641346394
"2804",0.512411104221684
"2805",1.09333281848574
"2806",0.988458050384803
"2807",0.575093115201471
"2808",0.652794725026614
"2809",0.670684483543772
"2810",1.03093565282425
"2811",0.894135799978263
"2812",0.491112506768843
"2813",0.5546181514429
"2814",0.398381209466893
"2815",0.575010113462699
"2816",0.586525342866771
"2817",0.624373242930478
"2818",0.135076327992511
"2819",0.197737166898559
"2820",0.762020920888467
"2821",0.50923522538201
"2822",0.485744794994786
"2823",0.653890451209264
"2824",0.696093176177278
"2825",0.544603531774486
"2826",0.815136994396514
"2827",0.339981300972593
"2828",0.0406806736084736
"2829",0.019626039505957
"2830",0.0874215614584104
"2831",0.0571392410356038
"2832",0.0990260679517554
"2833",0.111341631297096
"2834",0.106237071520637
"2835",0.112170774978007
"2836",0.0344400663533093
"2837",0.0516860424752835
"2838",0.0458449109007152
"2839",0.107088659759696
"2840",0.111895899709488
"2841",0.0994715510263594
"2842",0.113150680740543
"2843",0.0905089082751047
"2844",0.110477175890876
"2845",0.0358043263778683
"2846",0.0453034242472102
"2847",0.110693794129909
"2848",0.117870070356611
"2849",0.112741379169255
"2850",0.0210809782794907
"2851",0.0200079575655478
"2852",0.0306941838314917
"2853",0.0593291027914979
"2854",0.0255803057444518
"2855",0.0301166402944687
"2856",0.0236601592044802
"2857",0.126585354316866
"2858",0.0711135476952827
"2859",0.0549317038229017
"2860",0.0836601249800096
"2861",0.117094271430927
"2862",0.0817611519633778
"2863",0.0824152333898699
"2864",0.121584318166366
"2865",0.111813495735588
"2866",0.116905991463314
"2867",0.121988160534054
"2868",0.0598528564889574
"2869",0.0577247224626166
"2870",0.059998436148188
"2871",0.0334630637423506
"2872",0.0545029668667865
"2873",0.0398109660859156
"2874",0.0430355991336225
"2875",0.0510725279690134
"2876",0.0136864520577751
"2877",0.0151015026975442
"2878",0.0540971369742583
"2879",0.0542892605484841
"2880",0.0506070713331198
"2881",0.0139189619525455
"2882",0.012145034154072
"2883",0.0115637805004095
"2884",0.0112665322230298
"2885",0.0133117185060943
"2886",0.0401493133728077
"2887",0.0591735719704822
"2888",0.0768088564299487
"2889",0.0669580785913058
"2890",0.0229086295110539
"2891",0.0253368081921162
"2892",0.0525932545279749
"2893",0.12881057615538
"2894",0.0368849232384506
"2895",0.105987895206169
"2896",0.0530738798492275
"2897",0.0347183857835942
"2898",0.0182755079521724
"2899",0.035563083142297
"2900",0.0478229696390973
"2901",0.13345905273751
"2902",0.153022063944543
"2903",0.198510370008642
"2904",0.151911931379895
"2905",0.0897235601760706
"2906",0.187098145767205
"2907",0.184209974133249
"2908",0.208288750008413
"2909",0.220906042591877
"2910",0.173794310375834
"2911",0.0113053430641541
"2912",0.0543050508072292
"2913",0.0741800269773467
"2914",0.0532261953296596
"2915",0.212803174900613
"2916",0.217121916680492
"2917",0.0713071582448245
"2918",0.0507510078914308
"2919",0.0553182140508694
"2920",0.391981461225381
"2921",1.40234202651931
"2922",1.28181364999777
"2923",1.35015126104154
"2924",1.44518735390358
"2925",1.48431840601796
"2926",1.37091649195529
"2927",1.41671573207754
"2928",1.47239368901049
"2929",1.58509150097579
"2930",2.22324220254976
"2931",1.52624186845495
"2932",1.37611647681479
"2933",2.89002696831375
"2934",2.24099113201056
"2935",2.77982216700129
"2936",1.95412677137894
"2937",1.99492492277183
"2938",1.98172065008048
"2939",2.98547487423093
"2940",2.86867822418141
"2941",2.84125819604566
"2942",2.93461646305766
"2943",2.9643410463615
"2944",1.86295008082754
"2945",1.86193695559205
"2946",2.51101882619194
"2947",2.2721564377502
"2948",2.62843604305358
"2949",2.25680068205607
"2950",2.59434122387839
"2951",2.16210455409123
"2952",1.81746386831299
"2953",2.40323468681241
"2954",1.54050066522155
"2955",1.46974493677093
"2956",1.40713631779642
"2957",1.61910421894137
"2958",1.99827394852888
"2959",1.83875632670464
"2960",1.14268560407609
"2961",1.40786300822344
"2962",0.880342177529297
"2963",1.4255453482987
"2964",1.21817722866936
"2965",1.38121278698013
"2966",0.670602567711269
"2967",0.714032468981168
"2968",0.719948574044694
"2969",1.12040955710925
"2970",1.11155961168873
"2971",1.09876523620821
"2972",1.05027415215218
"2973",1.08385457756789
"2974",1.01937385690952
"2975",0.573929118154206
"2976",0.62183585999233
"2977",0.963080943150584
"2978",0.427837176850351
"2979",0.172078120180374
"2980",0.185804740006958
"2981",0.606953558254563
"2982",0.575922671688997
"2983",0.581456294218575
"2984",0.503743303813909
"2985",0.481117843320697
"2986",0.479135710083868
"2987",0.171824491392355
"2988",0.0558535008143833
"2989",0.741145854589547
"2990",0.770724317831386
"2991",1.56200535105671
"2992",0.412312504382413
"2993",1.74247430369396
"2994",1.99214299230476
"2995",0.22604333313211
"2996",1.0656784275039
"2997",1.01247169237782
"2998",0.500433058341964
"2999",0.607499507779825
"3000",0.618212178524103
